,Date,Eclipse Time,Eclipse Type,Latitude,Longitude
9705,2025 March 14,06:59:56,T,3N,102W
9706,2025 September 7,18:12:58,T,6S,87E
9707,2026 March 3,11:34:52,T,6N,171W
9708,2026 August 28,04:14:04,P,9S,63W
9709,2027 February 20,23:14:06,N,10N,15E
9710,2027 July 18,16:04:09,Ne,22S,121E
9711,2027 August 17,07:14:59,N,12S,108W
9712,2028 January 12,04:14:13,P,23N,61W
9713,2028 July 6,18:20:57,P,23S,86E
9714,2028 December 31,16:53:15,T,23N,108E
9715,2029 June 26,03:23:22,T+,23S,50W
9716,2029 December 20,22:43:12,T,23N,19E
9717,2030 June 15,18:34:34,P,23S,82E
9718,2030 December 9,22:28:51,N,22N,21E
9719,2031 May 7,03:52:02,N,18S,59W
9720,2031 June 5,11:45:17,N,21S,176W
9721,2031 October 30,07:46:45,N,15N,121W
9722,2032 April 25,15:14:51,T,14S,131E
9723,2032 October 18,19:03:40,T,10N,71E
9724,2033 April 14,19:13:51,T,9S,72E
9725,2033 October 8,10:56:23,T,6N,167W
9726,2034 April 3,19:06:59,N,5S,75E
9727,2034 September 28,02:47:37,P,1N,44W
9728,2035 February 22,09:06:12,N,9N,133W
9729,2035 August 19,01:12:15,P,12S,17W
9730,2036 February 11,22:13:06,T,14N,31E
9731,2036 August 7,02:52:32,T+,16S,41W
9732,2037 January 31,14:01:38,T,18N,153E
9733,2037 July 27,04:09:53,P,20S,60W
9734,2038 January 21,03:49:52,N,21N,54W
9735,2038 June 17,02:45:02,N,22S,41W
9736,2038 July 16,11:35:56,N,23S,172W
9737,2038 December 11,17:45:00,N,22N,93E
9738,2039 June 6,18:54:25,P,22S,77E
9739,2039 November 30,16:56:28,P,21N,104E
9740,2040 May 26,11:46:22,T-,21S,177W
9741,2040 November 18,19:04:40,T+,20N,70E
9742,2041 May 16,00:43:03,P,20S,12W
9743,2041 November 8,04:35:05,P,18N,73W
9744,2042 April 5,14:30:11,N,5S,144E
9745,2042 September 29,10:45:47,N,2N,163W
9746,2043 March 25,14:32:04,T,2S,144E
9747,2043 September 19,01:51:50,T,2S,29W
9748,2044 March 13,19:38:33,T,2N,68E
9749,2044 September 7,11:20:44,T,5S,171W
9750,2045 March 3,07:43:26,N,6N,113W
9751,2045 August 27,13:54:50,N,9S,152E
9752,2046 January 22,13:02:37,P,21N,168E
9753,2046 July 18,01:06:05,P,22S,14W
9754,2047 January 12,01:26:14,T,22N,19W
9755,2047 July 7,10:35:45,T-,23S,157W
9756,2048 January 1,06:53:55,T,23N,102W
9757,2048 June 26,02:02:28,P,23S,30W
9758,2048 December 20,06:27:48,N,22N,97W
9759,2049 May 17,11:26:39,N,21S,172W
9760,2049 June 15,19:14:12,N,22S,72E
9761,2049 November 9,15:52:11,N,18N,118E
9762,2050 May 6,22:32:02,T,17S,21E
9763,2050 October 30,03:21:47,T,14N,54W
9764,2051 April 26,02:16:28,T,13S,34W
9765,2051 October 19,19:11:50,T-,10N,69E
9766,2052 April 14,02:18:06,N,9S,34W
9767,2052 October 8,10:45:58,P,5N,164W
9768,2053 March 4,17:22:10,N,5N,102E
9769,2053 August 29,08:05:50,Nx,8S,121W
9770,2054 February 22,06:51:27,T,10N,99W
9771,2054 August 18,09:26:30,T,13S,140W
9772,2055 February 11,22:46:17,T,14N,22E
9773,2055 August 7,10:53:18,P,17S,161W
9774,2056 February 1,12:26:06,N,18N,177E
9775,2056 June 27,10:03:09,N,22S,149W
9776,2056 July 26,18:43:24,N,20S,81E
9777,2056 December 22,01:48:56,N,22N,27W
9778,2057 June 17,02:26:20,P,23S,36W
9779,2057 December 11,00:53:38,P,23N,15W
9780,2058 June 6,19:15:48,T-,23S,71E
9781,2058 November 30,03:16:18,T+,22N,52W
9782,2059 May 27,07:55:35,P,22S,119W
9783,2059 November 19,13:01:36,P,20N,161E
9784,2060 April 15,21:37:04,N,9S,37E
9785,2060 October 9,18:53:32,N,6N,74E
9786,2060 November 8,04:04:15,N,18N,65W
9787,2061 April 4,21:54:05,T,6S,33E
9788,2061 September 29,09:38:13,T,2N,146W
9789,2062 March 25,03:33:50,T,2S,52W
9790,2062 September 18,18:34:02,T,1S,80E
9791,2063 March 14,16:05:49,P,1N,121E
9792,2063 September 7,20:41:12,N,5S,49E
9793,2064 February 2,21:48:57,P,18N,37E
9794,2064 July 28,07:52:48,P,20S,116W
9795,2065 January 22,09:58:58,T,20N,146W
9796,2065 July 17,17:48:40,T-,21S,95E
9797,2066 January 11,15:04:47,T,21N,136E
9798,2066 July 7,09:30:29,P,22S,141W
9799,2066 December 31,14:30:10,N,22N,144E
9800,2067 May 28,18:56:08,N,23S,76E
9801,2067 June 27,02:41:06,N,22S,39W
9802,2067 November 21,00:04:42,N,21N,4W
9803,2068 May 17,05:42:17,P,20S,86W
9804,2068 November 9,11:47:00,T,18N,180E
9805,2069 May 6,09:09:57,T+,17S,138W
9806,2069 October 30,03:35:06,T-,14N,57W
9807,2070 April 25,09:21:24,Nx,12S,140W
9808,2070 October 19,18:51:12,P,9N,74E
9809,2071 March 16,01:31:09,N,1N,20W
9810,2071 September 9,15:05:41,N,4S,133E
9811,2072 March 4,15:23:07,T,6N,133E
9812,2072 August 28,16:05:42,T,9S,119E
9813,2073 February 22,07:24:53,T,10N,107W
9814,2073 August 17,17:42:41,T,13S,96E
9815,2074 February 11,20:55:58,N,15N,50E
9816,2074 July 8,17:21:38,N,21S,101E
9817,2074 August 7,01:56:03,N,17S,27W
9818,2075 January 2,09:55:03,N,22N,147W
9819,2075 June 28,09:55:35,P,23S,147W
9820,2075 December 22,08:55:55,P,23N,134W
9821,2076 June 17,02:39:47,T-,23S,39W
9822,2076 December 10,11:34:51,T+,23N,175W
9823,2077 June 6,14:59:52,P,24S,135E
9824,2077 November 29,21:35:53,P,23N,34E
9825,2078 April 27,04:35:44,N,13S,68W
9826,2078 October 21,03:08:03,N,10N,50W
9827,2078 November 19,12:40:04,N,21N,166E
9828,2079 April 16,05:10:45,P,10S,77W
9829,2079 October 10,17:30:30,T,7N,95E
9830,2080 April 4,11:23:38,T,6S,170W
9831,2080 September 29,01:52:42,T,3N,30W
9832,2081 March 25,00:22:01,P,3S,4W
9833,2081 September 18,03:35:26,N,1S,55W
9834,2082 February 13,06:29:19,P,14N,93W
9835,2082 August 8,14:46:42,Nx,17S,141E
9836,2083 February 2,18:26:46,T,17N,88E
9837,2083 July 29,01:05:34,T-,19S,14W
9838,2084 January 22,23:13:00,T,19N,15E
9839,2084 July 17,16:58:51,P,20S,107E
9840,2085 January 10,22:32:29,N,21N,24E
9841,2085 June 8,02:17:36,N,24S,34W
9842,2085 July 7,10:04:40,N,21S,149W
9843,2085 December 1,08:25:35,N,23N,128W
9844,2086 May 28,12:43:47,P,22S,169E
9845,2086 November 20,20:19:42,P,20N,52E
9846,2087 May 17,15:55:20,T+,19S,121E
9847,2087 November 10,12:05:33,T-,17N,175E
9848,2088 May 5,16:16:50,P,16S,116E
9849,2088 October 30,03:03:20,P,13N,49W
9850,2089 March 26,09:34:14,N,4S,142W
9851,2089 September 19,22:11:17,N,0N,26E
9852,2090 March 15,23:48:31,T,1N,6E
9853,2090 September 8,22:52:29,T,5S,17E
9854,2091 March 5,15:58:22,T,6N,124E
9855,2091 August 29,00:38:25,T,10S,8W
9856,2092 February 23,05:20:59,N,11N,76W
9857,2092 July 19,00:41:58,Ne,19S,8W
9858,2092 August 17,09:13:59,N,14S,136W
9859,2093 January 12,18:00:03,N,20N,93E
9860,2093 July 8,17:24:18,P,22S,101E
9861,2094 January 1,17:00:06,P,22N,107E
9862,2094 June 28,10:01:57,T+,23S,149W
9863,2094 December 21,19:56:32,T+,24N,61E
9864,2095 June 17,22:00:11,P,24S,31E
9865,2095 December 11,06:15:02,P,24N,95W
9866,2096 May 7,11:24:42,N,16S,171W
9867,2096 June 6,02:43:41,Nb,24S,41W
9868,2096 October 31,11:30:23,N,13N,175W
9869,2096 November 29,21:22:22,N,23N,37E
9870,2097 April 26,12:18:17,P,13S,176E
9871,2097 October 21,01:30:55,T,11N,26W
9872,2098 April 15,19:04:48,T-,10S,74E
9873,2098 October 10,09:19:58,T,7N,143W
9874,2099 April 5,08:30:56,P,7S,127W
9875,2099 September 29,10:36:38,Nx,3N,161W
9876,2100 February 24,15:05:11,N,10N,138E
9877,2100 August 19,21:44:58,N,13S,36E
9878,2101 February 14,02:50:00,T,13N,38W
9879,2101 August 9,08:25:33,T,16S,124W
9880,2102 February 3,07:18:21,T,16N,105W
9881,2102 July 30,00:29:10,T,18S,5W
9882,2103 January 23,06:34:00,Nx,19N,95W
9883,2103 June 20,09:36:11,N,25S,143W
9884,2103 July 19,17:28:43,N,20S,100E
9885,2103 December 13,16:51:37,N,24N,106E
9886,2104 June 8,19:38:40,P,23S,66E
9887,2104 December 2,04:58:11,P,22N,76W
9888,2105 May 28,22:34:06,T+,21S,22E
9889,2105 November 21,20:42:00,T-,20N,47E
9890,2106 May 17,23:06:43,P,19S,13E
9891,2106 November 11,11:22:14,P,16N,174W
9892,2107 April 7,17:30:11,N,8S,99E
9893,2107 May 7,04:30:24,Nb,15S,67W
9894,2107 October 2,05:23:19,N,4N,83W
9895,2108 March 27,08:06:28,T,3S,119W
9896,2108 September 20,05:47:11,P,1S,88W
9897,2109 March 17,00:22:28,T,2N,2W
9898,2109 September 9,07:43:03,T-,6S,115W
9899,2110 March 6,13:37:20,N,7N,160E
9900,2110 August 29,16:38:48,P,10S,112E
9901,2111 January 25,02:03:07,N,18N,27W
9902,2111 July 21,00:53:17,P,20S,11W
9903,2112 January 14,01:06:36,P,21N,14W
9904,2112 July 9,17:19:51,T+,22S,102E
9905,2113 January 2,04:22:59,T+,23N,64W
9906,2113 June 29,04:55:26,P,24S,72W
9907,2113 December 22,14:58:42,P,24N,136E
9908,2114 May 19,18:07:33,N,19S,89E
9909,2114 June 18,09:17:07,N,25S,138W
9910,2114 November 12,19:59:33,N,17N,58E
9911,2114 December 12,06:09:26,N,25N,93W
9912,2115 May 8,19:21:24,P,17S,70E
9913,2115 November 2,09:36:34,P,14N,147W
9914,2116 April 27,02:41:18,T-,14S,40W
9915,2116 October 21,16:53:39,T+,11N,104E
9916,2117 April 16,16:32:00,P,11S,113E
9917,2117 October 10,17:47:12,P,8N,91E
9918,2118 March 7,23:33:04,N,6N,11E
9919,2118 August 31,04:51:45,N,10S,71W
9920,2119 February 25,11:05:13,T,10N,162W
9921,2119 August 20,15:51:55,T,13S,124E
9922,2120 February 14,15:17:20,T,13N,135E
9923,2120 August 9,08:01:32,T,15S,118W
9924,2121 February 2,14:32:40,Nx,16N,146E
9925,2121 June 30,16:49:52,N,25S,110E
9926,2121 July 30,00:52:44,N,17S,11W
9927,2121 December 24,01:22:13,N,25N,20W
9928,2122 June 20,02:27:47,P,24S,35W
9929,2122 December 13,13:42:41,P,24N,154E
9930,2123 June 9,05:06:28,T+,23S,76W
9931,2123 December 3,05:24:09,T-,22N,83W
9932,2124 May 28,05:50:59,P,21S,87W
9933,2124 November 21,19:47:21,P,19N,61E
9934,2125 April 18,01:18:48,N,12S,19W
9935,2125 May 17,11:46:31,N,18S,176W
9936,2125 October 12,12:43:06,N,9N,167E
9937,2126 April 7,16:17:55,T,7S,117E
9938,2126 October 1,12:49:48,P,4N,166E
9939,2127 March 28,08:40:17,T+,3S,128W
9940,2127 September 20,14:56:04,T-,1S,136E
9941,2128 March 16,21:46:08,Nx,2N,37E
9942,2128 September 9,00:10:30,P,6S,2W
9943,2129 February 4,10:02:24,N,15N,146W
9944,2129 July 31,08:24:31,P,17S,123W
9945,2130 January 24,09:10:19,P,19N,134W
9946,2130 July 21,00:38:56,T+,20S,7W
9947,2131 January 13,12:49:59,T+,22N,171E
9948,2131 July 10,11:47:56,P,23S,174W
9949,2132 January 2,23:44:22,P,24N,6E
9950,2132 May 30,00:42:50,N,21S,10W
9951,2132 June 28,15:45:35,N,24S,126E
9952,2132 November 23,04:35:10,N,19N,71W
9953,2132 December 22,14:59:51,N,25N,136E
9954,2133 May 19,02:16:19,P,19S,34W
9955,2133 November 12,17:50:08,P,17N,90E
9956,2134 May 8,10:10:41,T-,17S,152W
9957,2134 November 2,00:34:20,T+,15N,12W
9958,2135 April 28,00:26:35,P,15S,6W
9959,2135 October 22,01:06:05,P,12N,20W
9960,2136 March 18,07:53:55,N,2N,115W
9961,2136 April 16,17:08:45,Nb,12S,103E
9962,2136 September 10,12:05:06,N,6S,180E
9963,2137 March 7,19:13:43,T,5N,76E
9964,2137 August 30,23:24:05,T,9S,11E
9965,2138 February 24,23:09:56,T,9N,17E
9966,2138 August 20,15:38:46,T,12S,127E
9967,2139 February 13,22:28:17,Nx,12N,27E
9968,2139 July 12,00:01:45,Ne,23S,3E
9969,2139 August 10,08:18:10,N,15S,122W
9970,2140 January 4,09:55:16,N,24N,146W
9971,2140 June 30,09:13:17,P,24S,136W
9972,2140 December 23,22:29:48,P,24N,24E
9973,2141 June 19,11:34:51,T-,23S,172W
9974,2141 December 13,14:10:16,T-,23N,147E
9975,2142 June 8,12:32:42,P,22S,173E
9976,2142 December 3,04:16:11,P,21N,65W
9977,2143 April 29,09:01:22,N,16S,135W
9978,2143 May 28,18:59:24,N,20S,76E
9979,2143 October 23,20:10:38,N,13N,54E
9980,2144 April 18,00:20:29,T,11S,4W
9981,2144 October 11,20:02:14,P,8N,57E
9982,2145 April 7,16:48:09,T+,7S,110E
9983,2145 September 30,22:19:51,T-,3N,24E
9984,2146 March 28,05:44:28,P,2S,83W
9985,2146 September 20,07:51:28,P,2S,118W
9986,2147 February 15,17:57:14,N,12N,95E
9987,2147 August 11,15:57:02,P,14S,123E
9988,2147 September 9,23:11:33,Nb,7S,13E
9989,2148 February 4,17:13:45,P,16N,106E
9990,2148 July 31,07:56:37,T+,18S,116W
9991,2149 January 23,21:17:23,T+,19N,45E
9992,2149 July 20,18:38:11,P,21S,84E
9993,2150 January 13,08:31:35,P,22N,124W
9994,2150 June 10,07:14:48,Ne,22S,107W
9995,2150 July 9,22:13:22,N,23S,29E
9996,2150 December 4,13:14:45,N,21N,160E
9997,2151 January 2,23:51:26,N,24N,4E
9998,2151 May 30,09:09:10,P,21S,136W
9999,2151 November 24,02:08:13,P,20N,34W
10000,2152 May 18,17:35:13,T-,20S,97E
10001,2152 November 12,08:21:47,T+,18N,128W
10002,2153 May 8,08:14:39,P,18S,123W
10003,2153 November 1,08:34:03,P,15N,132W
10004,2154 March 29,16:05:07,N,3S,122E
10005,2154 April 28,01:04:33,N,15S,16W
10006,2154 September 21,19:29:06,N,2S,68E
10007,2154 October 21,09:26:08,Nb,12N,145W
10008,2155 March 19,03:12:45,T,1N,45W
10009,2155 September 11,07:03:11,T,5S,105W
10010,2156 March 7,06:54:14,T,5N,100W
10011,2156 August 30,23:20:37,T+,8S,11E
10012,2157 February 24,06:16:36,P,9N,90W
10013,2157 August 20,15:46:36,P,11S,125E
10014,2158 January 14,18:29:52,N,22N,87E
10015,2158 July 11,15:55:51,P,23S,124E
10016,2159 January 4,07:19:20,P,23N,107W
10017,2159 June 30,18:00:09,T-,23S,92E
10018,2159 December 24,23:00:09,T-,23N,16E
10019,2160 June 18,19:10:10,P,23S,74E
10020,2160 December 13,12:50:19,P,22N,167E
10021,2161 May 9,16:38:03,N,19S,111E
10022,2161 June 8,02:08:54,N,22S,31W
10023,2161 November 3,03:45:49,N,16N,59W
10024,2162 April 29,08:17:08,P,15S,124W
10025,2162 October 23,03:23:58,P,12N,54W
10026,2163 April 19,00:49:33,T+,11S,11W
10027,2163 October 12,05:51:53,T-,7N,90W
10028,2164 April 7,13:34:34,P,6S,159E
10029,2164 September 30,15:40:32,P,2N,124E
10030,2165 February 26,01:44:02,N,8N,22W
10031,2165 August 21,23:34:21,N,11S,8E
10032,2165 September 20,07:05:16,N,2S,106W
10033,2166 February 15,01:11:40,P,12N,13W
10034,2166 August 11,15:17:07,T,15S,134E
10035,2167 February 4,05:41:32,T+,16N,80W
10036,2167 August 1,01:28:59,T,18S,19W
10037,2168 January 24,17:17:30,P,20N,105E
10038,2168 July 20,04:38:50,N,22S,66W
10039,2168 December 14,21:59:24,N,22N,31E
10040,2169 January 13,08:43:52,N,23N,127W
10041,2169 June 9,15:57:06,P,22S,122E
10042,2169 December 4,10:31:58,P,22N,159W
10043,2170 May 30,00:55:17,T+,22S,13W
10044,2170 November 23,16:16:21,T+,21N,114E
10045,2171 May 19,15:56:55,P,21S,121E
10046,2171 November 12,16:10:02,P,18N,115E
10047,2172 April 9,00:08:52,N,7S,0E
10048,2172 May 8,08:53:18,N,19S,133W
10049,2172 October 2,03:01:41,N,3N,46W
10050,2172 October 31,17:09:17,N,16N,100E
10051,2173 March 29,11:02:23,P,3S,163W
10052,2173 September 21,14:50:18,P,1S,138E
10053,2174 March 18,14:30:50,T-,1N,146E
10054,2174 September 11,07:08:03,T+,4S,106W
10055,2175 March 7,13:59:53,P,4N,154E
10056,2175 August 31,23:19:04,P,8S,12E
10057,2176 January 26,03:03:39,N,20N,41W
10058,2176 July 21,22:36:52,P,21S,24E
10059,2177 January 14,16:08:55,P,22N,122E
10060,2177 July 11,00:25:23,T-,22S,3W
10061,2178 January 4,07:50:14,T-,23N,115W
10062,2178 June 30,01:48:39,P,23S,25W
10063,2178 December 24,21:26:20,P,23N,40E
10064,2179 May 21,00:09:10,N,21S,2W
10065,2179 June 19,09:16:11,N,22S,137W
10066,2179 November 14,11:28:05,N,19N,175W
10067,2180 May 9,16:05:58,P,18S,119E
10068,2180 November 2,10:55:47,P,16N,167W
10069,2181 April 29,08:40:08,T+,15S,129W
10070,2181 October 22,13:35:21,T-,11N,154E
10071,2182 April 18,21:14:14,P,10S,43E
10072,2182 October 11,23:38:06,P,7N,4E
10073,2183 March 9,09:24:16,N,3N,137W
10074,2183 September 2,07:15:22,N,7S,107W
10075,2183 October 1,15:05:25,N,2N,133E
10076,2184 February 26,09:05:35,P,8N,132W
10077,2184 August 21,22:38:35,T,11S,23E
10078,2185 February 14,14:03:41,T+,13N,154E
10079,2185 August 11,08:20:59,T,15S,122W
10080,2186 February 4,02:01:15,P,17N,25W
10081,2186 July 31,11:07:14,N,19S,163W
10082,2186 December 26,06:46:26,N,22N,100W
10083,2187 January 24,17:35:19,N,21N,101E
10084,2187 June 20,22:44:13,P,23S,21E
10085,2187 December 15,18:58:37,P,23N,76E
10086,2188 June 9,08:12:51,T+,23S,122W
10087,2188 December 4,00:15:39,T+,22N,5W
10088,2189 May 29,23:34:01,P,22S,8E
10089,2189 November 22,23:54:08,P,21N,1W
10090,2190 April 20,08:03:22,N,11S,119W
10091,2190 May 19,16:35:26,N,21S,112E
10092,2190 October 13,10:43:55,N,7N,162W
10093,2190 November 12,01:00:53,N,19N,18W
10094,2191 April 9,18:42:01,P,7S,82E
10095,2191 October 2,22:45:48,P,3N,18E
10096,2192 March 28,21:56:24,T-,4S,34E
10097,2192 September 21,15:02:17,T+,0S,134E
10098,2193 March 17,21:34:32,P,0N,40E
10099,2193 September 11,06:57:00,P,4S,104W
10100,2194 February 5,11:34:56,N,17N,168W
10101,2194 August 2,05:18:42,N,19S,76W
10102,2195 January 26,00:58:49,P,19N,10W
10103,2195 July 22,06:49:10,T,20S,99W
10104,2196 January 15,16:41:55,T-,21N,114E
10105,2196 July 10,08:26:05,P,22S,123W
10106,2197 January 4,06:04:04,P,22N,88W
10107,2197 May 31,07:36:04,N,23S,113W
10108,2197 June 29,16:22:52,N,22S,117E
10109,2197 November 24,19:17:17,N,22N,69E
10110,2198 May 20,23:50:32,P,21S,3E
10111,2198 November 13,18:34:28,P,19N,79E
10112,2199 May 10,16:25:22,T+,18S,115E
10113,2199 November 2,21:27:11,T-,15N,36E
10114,2200 April 30,04:44:34,P,14S,70W
10115,2200 October 23,07:44:43,P,11N,118W
10116,2201 March 20,16:55:04,N,1S,110E
10117,2201 September 13,15:03:17,N,3S,135E
10118,2201 October 12,23:14:05,N,6N,10E
10119,2202 March 9,16:51:36,P,4N,111E
10120,2202 September 3,06:05:57,T,7S,90W
10121,2203 February 26,22:20:39,T+,9N,30E
10122,2203 August 23,15:15:12,T,12S,134E
10123,2204 February 16,10:41:26,P,13N,155W
10124,2204 August 11,17:37:23,N,16S,99E
10125,2205 January 6,15:34:56,N,21N,129E
10126,2205 February 5,02:23:28,N,18N,30W
10127,2205 July 2,05:29:54,P,22S,79W
10128,2205 December 27,03:28:47,P,23N,50W
10129,2206 June 21,15:28:26,T+,23S,130E
10130,2206 December 16,08:19:07,T+,23N,124W
10131,2207 June 11,07:07:39,P,24S,105W
10132,2207 December 5,07:45:24,P,23N,117W
10133,2208 May 1,15:49:06,N,14S,124E
10134,2208 May 31,00:10:37,N,23S,2W
10135,2208 October 24,18:36:02,N,11N,80E
10136,2208 November 23,09:01:59,N,22N,137W
10137,2209 April 21,02:12:20,P,11S,31W
10138,2209 October 14,06:49:53,P,7N,104W
10139,2210 April 10,05:13:49,T-,8S,76W
10140,2210 October 3,23:03:49,T+,4N,13E
10141,2211 March 30,05:02:58,P,4S,73W
10142,2211 September 23,14:39:33,P,1N,140E
10143,2212 February 17,20:03:16,N,13N,65E
10144,2212 March 18,09:06:46,N,0S,133W
10145,2212 August 13,12:02:09,N,15S,177W
10146,2213 February 6,09:44:33,P,16N,141W
10147,2213 August 2,13:16:20,T,18S,165E
10148,2214 January 27,01:30:46,T-,18N,18W
10149,2214 July 22,15:06:54,T,20S,137E
10150,2215 January 16,14:40:00,P,20N,144E
10151,2215 June 12,14:59:57,N,25S,137E
10152,2215 July 11,23:30:24,N,21S,11E
10153,2215 December 7,03:12:05,N,24N,48W
10154,2216 June 1,07:27:36,P,23S,110W
10155,2216 November 25,02:22:56,P,21N,37W
10156,2217 May 22,00:01:35,T+,20S,1E
10157,2217 November 14,05:29:02,T-,18N,84W
10158,2218 May 11,12:05:34,P,17S,180E
10159,2218 November 3,16:00:25,P,14N,118E
10160,2219 April 1,00:18:15,N,5S,2W
10161,2219 September 24,22:55:52,N,2N,16E
10162,2219 October 24,07:29:32,N,10N,114W
10163,2220 March 20,00:32:40,P,0S,4W
10164,2220 September 13,13:36:52,P,3S,157E
10165,2221 March 9,06:32:19,T+,5N,93W
10166,2221 September 2,22:13:42,T-,8S,29E
10167,2222 February 26,19:17:36,P,9N,76E
10168,2222 August 23,00:12:08,Nx,12S,0E
10169,2223 January 18,00:22:32,N,20N,1W
10170,2223 February 16,11:07:58,N,14N,161W
10171,2223 July 13,12:17:52,N,21S,179E
10172,2224 January 7,11:58:46,P,22N,176W
10173,2224 July 1,22:43:13,T+,23S,22E
10174,2224 December 26,16:25:17,T+,23N,116E
10175,2225 June 21,14:38:56,P,24S,143E
10176,2225 December 15,15:41:08,P,24N,125E
10177,2226 May 12,23:26:43,N,17S,10E
10178,2226 June 11,07:41:30,N,24S,113W
10179,2226 November 5,02:38:01,N,14N,41W
10180,2226 December 4,17:10:21,N,24N,102E
10181,2227 May 2,09:32:27,P,15S,141W
10182,2227 October 25,15:02:23,P,11N,133E
10183,2228 April 20,12:20:32,T-,12S,177E
10184,2228 October 14,07:13:09,T+,8N,110W
10185,2229 April 9,12:21:26,P,8S,177E
10186,2229 October 3,22:29:31,P,5N,22E
10187,2230 February 28,04:27:10,N,9N,61W
10188,2230 March 29,16:58:24,N,5S,108E
10189,2230 August 24,18:48:09,N,12S,81E
10190,2231 February 17,18:27:46,P,13N,89E
10191,2231 August 13,19:45:54,P,15S,67E
10192,2232 February 7,10:17:44,T-,15N,149W
10193,2232 August 1,21:49:49,T,18S,36E
10194,2233 January 26,23:15:04,P,18N,16E
10195,2233 June 22,22:22:33,Ne,25S,27E
10196,2233 July 22,06:40:42,N,19S,97W
10197,2233 December 17,11:10:37,N,25N,166W
10198,2234 June 12,15:02:55,P,24S,137E
10199,2234 December 6,10:17:27,P,23N,155W
10200,2235 June 2,07:32:48,T-,22S,111W
10201,2235 November 25,13:38:16,T+,21N,154E
10202,2236 May 21,19:18:51,P,20S,72E
10203,2236 November 14,00:24:12,P,17N,8W
10204,2237 April 11,07:30:45,N,9S,111W
10205,2237 May 10,23:45:33,N,16S,5E
10206,2237 October 5,06:57:02,N,6N,105W
10207,2237 November 3,15:53:39,N,14N,120E
10208,2238 March 31,08:05:25,P,5S,118W
10209,2238 September 24,21:14:02,P,1N,42E
10210,2239 March 20,14:37:27,T+,0N,145E
10211,2239 September 14,05:17:34,T-,4S,78W
10212,2240 March 9,03:46:50,P,5N,52W
10213,2240 September 2,06:52:16,P,9S,101W
10214,2241 January 28,09:08:46,N,17N,132W
10215,2241 February 26,19:46:41,N,10N,69E
10216,2241 July 23,19:08:10,N,19S,77E
10217,2242 January 17,20:28:26,P,20N,58E
10218,2242 July 13,05:59:11,T,22S,86W
10219,2243 January 7,00:33:44,T+,23N,5W
10220,2243 July 2,22:07:19,T,23S,32E
10221,2243 December 26,23:42:17,P,24N,7E
10222,2244 May 23,06:56:57,N,19S,102W
10223,2244 June 21,15:07:43,N,25S,136E
10224,2244 November 15,10:48:54,N,17N,163W
10225,2244 December 15,01:25:20,N,25N,21W
10226,2245 May 12,16:43:42,P,18S,111E
10227,2245 November 4,23:23:16,P,15N,8E
10228,2246 May 1,19:20:11,T-,15S,72E
10229,2246 October 25,15:28:38,T+,12N,126E
10230,2247 April 20,19:34:24,P,12S,68E
10231,2247 October 15,06:25:30,P,9N,98W
10232,2248 March 10,12:44:45,N,5N,174E
10233,2248 April 9,00:42:30,N,9S,9W
10234,2248 September 4,01:38:56,N,8S,22W
10235,2248 October 3,15:52:04,Nb,5N,121E
10236,2249 February 28,03:04:45,P,9N,40W
10237,2249 August 24,02:22:14,P,12S,32W
10238,2250 February 17,18:58:32,T-,12N,81E
10239,2250 August 13,04:39:38,T+,15S,66W
10240,2251 February 7,07:45:40,P,15N,111W
10241,2251 August 2,13:53:15,P,17S,155E
10242,2251 December 28,19:12:49,N,25N,75E
10243,2252 June 22,22:33:27,P,24S,25E
10244,2252 December 16,18:18:41,P,24N,87E
10245,2253 June 12,14:57:11,T-,23S,138E
10246,2253 December 5,21:55:59,T+,22N,31E
10247,2254 June 2,02:24:40,P,21S,34W
10248,2254 November 25,08:54:59,P,20N,135W
10249,2255 April 22,14:36:07,N,13S,143E
10250,2255 May 22,06:33:13,N,19S,96W
10251,2255 October 16,15:04:25,N,10N,132E
10252,2255 November 15,00:24:34,N,17N,7W
10253,2256 April 10,15:31:04,P,9S,130E
10254,2256 October 5,04:57:13,P,5N,75W
10255,2257 March 30,22:36:42,T+,4S,24E
10256,2257 September 24,12:27:34,T-,1N,174E
10257,2258 March 20,12:10:19,P,1N,178W
10258,2258 September 13,13:39:53,P,4S,157E
10259,2259 February 8,17:51:42,N,14N,98E
10260,2259 March 10,04:19:51,N,6N,59W
10261,2259 August 4,02:02:00,N,16S,27W
10262,2259 September 2,14:47:56,Nb,9S,141E
10263,2260 January 29,04:55:22,P,18N,68W
10264,2260 July 23,13:17:09,T,19S,165E
10265,2261 January 17,08:40:06,T+,21N,125W
10266,2261 July 13,05:36:18,T,22S,80W
10267,2262 January 6,07:45:00,P,23N,112W
10268,2262 June 3,14:20:47,N,21S,147E
10269,2262 July 2,22:31:30,N,24S,26E
10270,2262 November 26,19:06:54,N,20N,73E
10271,2262 December 26,09:43:59,N,25N,144W
10272,2263 May 23,23:46:25,P,20S,5E
10273,2263 November 16,07:52:13,P,18N,119W
10274,2264 May 12,02:08:52,T+,18S,31W
10275,2264 November 4,23:52:49,T-,16N,0E
10276,2265 May 1,02:38:34,P,16S,38W
10277,2265 October 25,14:28:59,P,13N,141E
10278,2266 March 21,20:56:19,N,1N,51E
10279,2266 April 20,08:20:18,N,13S,123W
10280,2266 September 15,08:35:37,N,4S,127W
10281,2266 October 14,23:23:02,N,10N,8E
10282,2267 March 11,11:37:14,P,4N,169W
10283,2267 September 4,09:02:59,P,8S,133W
10284,2268 February 29,03:35:27,T-,8N,48W
10285,2268 August 23,11:34:51,T+,11S,170W
10286,2269 February 17,16:11:18,P,11N,123E
10287,2269 August 12,21:11:37,P,14S,46E
10288,2270 January 8,03:16:20,N,23N,45W
10289,2270 July 4,06:03:42,P,24S,87W
10290,2270 December 28,02:22:42,P,24N,33W
10291,2271 June 23,22:18:46,T-,24S,29E
10292,2271 December 17,06:18:50,T+,23N,93W
10293,2272 June 12,09:23:36,P,23S,138W
10294,2272 December 5,17:32:31,P,22N,97E
10295,2273 May 2,21:31:53,N,17S,39E
10296,2273 June 1,13:13:38,N,21S,164E
10297,2273 October 26,23:19:49,N,14N,8E
10298,2273 November 25,09:01:53,N,19N,136W
10299,2274 April 21,22:48:59,P,13S,20E
10300,2274 October 16,12:48:09,P,10N,167E
10301,2275 April 11,06:28:07,T+,8S,94W
10302,2275 October 5,19:44:07,T-,5N,64E
10303,2276 March 30,20:26:06,P,3S,57E
10304,2276 September 23,20:35:24,P,0S,52E
10305,2277 February 19,02:29:15,N,10N,32W
10306,2277 March 20,12:44:38,N,1N,174E
10307,2277 August 14,09:01:20,N,13S,132W
10308,2277 September 12,21:49:40,N,5S,35E
10309,2278 February 8,13:19:10,P,14N,166E
10310,2278 August 3,20:37:40,T,17S,55E
10311,2279 January 28,16:45:42,T+,18N,114E
10312,2279 July 24,13:05:07,T,20S,168E
10313,2280 January 17,15:49:31,P,21N,128E
10314,2280 June 13,21:38:07,Ne,22S,39E
10315,2280 July 13,05:52:36,N,23S,84W
10316,2280 December 7,03:32:38,N,21N,52W
10317,2281 January 5,18:06:46,N,24N,92E
10318,2281 June 3,06:42:43,P,22S,98W
10319,2281 November 26,16:27:11,P,20N,113E
10320,2282 May 23,08:52:42,T+,21S,131W
10321,2282 November 16,08:23:04,T-,19N,127W
10322,2283 May 12,09:37:20,P,19S,143W
10323,2283 November 5,22:38:43,P,16N,19E
10324,2284 April 1,05:01:09,N,4S,71W
10325,2284 April 30,15:51:43,N,16S,124E
10326,2284 September 25,15:39:31,N,0N,126E
10327,2284 October 25,07:01:35,N,14N,107W
10328,2285 March 21,20:01:07,P,0S,65E
10329,2285 September 14,15:53:25,P,4S,124E
10330,2286 March 11,12:04:37,T-,4N,176W
10331,2286 September 3,18:37:54,T+,7S,83E
10332,2287 March 1,00:30:02,P,7N,2W
10333,2287 August 24,04:35:07,P,10S,66W
10334,2288 January 19,11:19:30,N,22N,164W
10335,2288 July 14,13:31:30,P,22S,162E
10336,2288 August 12,20:15:31,Nb,13S,60E
10337,2289 January 7,10:30:56,P,23N,153W
10338,2289 July 4,05:36:25,T-,23S,80W
10339,2289 December 27,14:46:24,T+,23N,141E
10340,2290 June 23,16:17:39,P,23S,119E
10341,2290 December 17,02:15:35,P,23N,32W
10342,2291 May 14,04:20:25,Ne,20S,63W
10343,2291 June 12,19:47:41,N,22S,66E
10344,2291 November 7,07:41:44,N,18N,117W
10345,2291 December 6,17:45:10,N,21N,94E
10346,2292 May 2,06:00:52,P,16S,88W
10347,2292 October 26,20:45:26,P,13N,47E
10348,2293 April 21,14:13:28,T-,12S,149E
10349,2293 October 16,03:08:18,T-,9N,48W
10350,2294 April 11,04:36:13,P,8S,66W
10351,2294 October 5,03:38:22,P,4N,54W
10352,2295 March 2,11:01:08,N,6N,160W
10353,2295 March 31,21:02:51,N,3S,49E
10354,2295 August 25,16:07:04,N,9S,121E
10355,2295 September 24,05:00:02,N,1S,74W
10356,2296 February 19,21:35:59,P,11N,42E
10357,2296 August 14,04:03:01,P,14S,57W
10358,2297 February 8,00:46:04,T+,15N,5W
10359,2297 August 3,20:37:10,T-,17S,55E
10360,2298 January 27,23:51:16,P,19N,8E
10361,2298 July 24,13:14:16,P,21S,166E
10362,2298 December 18,12:03:40,N,22N,179W
10363,2299 January 17,02:30:29,N,22N,32W
10364,2299 June 14,13:31:01,P,22S,161E
10365,2299 December 8,01:09:08,P,22N,16W
10366,2300 June 3,15:28:06,T+,22S,131E
10367,2300 November 27,17:00:33,T-,21N,105E
10368,2301 May 23,16:29:16,P,21S,115E
10369,2301 November 17,06:56:02,P,19N,105W
10370,2302 April 13,12:59:53,N,8S,169E
10371,2302 May 12,23:17:54,N,19S,12E
10372,2302 October 7,22:49:32,N,4N,18E
10373,2302 November 6,14:46:26,N,17N,137E
10374,2303 April 3,04:19:40,P,4S,61W
10375,2303 September 26,22:50:54,P,1N,19E
10376,2304 March 22,20:26:42,T-,1S,58E
10377,2304 September 15,01:48:59,T+,3S,25W
10378,2305 March 12,08:41:35,P,3N,125W
10379,2305 September 4,12:05:50,P,7S,179W
10380,2306 January 30,19:20:01,N,19N,77E
10381,2306 March 1,13:42:55,N,7N,160E
10382,2306 July 26,21:01:27,N,20S,50E
10383,2306 August 25,03:53:23,N,10S,55W
10384,2307 January 19,18:39:13,P,21N,86E
10385,2307 July 16,12:51:48,T,22S,172E
10386,2308 January 8,23:16:24,T+,22N,15E
10387,2308 July 4,23:07:47,T,22S,17E
10388,2308 December 28,11:01:33,P,23N,162W
10389,2309 June 24,02:17:42,N,22S,31W
10390,2309 November 18,16:10:56,N,21N,116E
10391,2309 December 18,02:32:41,N,22N,36W
10392,2310 May 14,13:06:26,P,19S,166E
10393,2310 November 8,04:49:17,P,17N,73W
10394,2311 May 3,21:52:07,T-,16S,34E
10395,2311 October 28,10:40:16,T+,13N,161W
10396,2312 April 22,12:37:09,P,12S,174E
10397,2312 October 16,10:51:23,P,8N,163W
10398,2313 March 13,19:25:46,N,2N,74E
10399,2313 April 12,05:12:28,N,7S,74W
10400,2313 September 5,23:20:24,N,5S,12E
10401,2313 October 5,12:20:12,N,3N,176E
10402,2314 March 3,05:46:48,P,7N,81W
10403,2314 August 26,11:33:39,P,10S,170W
10404,2315 February 20,08:42:48,T+,11N,124W
10405,2315 August 16,04:10:27,T-,14S,58W
10406,2316 February 9,07:52:24,P,16N,111W
10407,2316 August 4,20:36:17,P,18S,56E
10408,2316 December 29,20:38:45,N,22N,54E
10409,2317 January 28,10:53:57,N,20N,157W
10410,2317 June 25,20:15:57,P,22S,60E
10411,2317 December 19,09:55:14,P,23N,146W
10412,2318 June 14,22:00:42,T+,23S,33E
10413,2318 December 9,01:41:59,T-,23N,24W
10414,2319 June 3,23:18:19,P,23S,13E
10415,2319 November 28,15:18:35,P,22N,130E
10416,2320 April 23,20:50:31,N,11S,51E
10417,2320 May 23,06:38:12,N,22S,97W
10418,2320 October 18,06:08:39,N,8N,92W
10419,2320 November 16,22:38:58,N,20N,19E
10420,2321 April 13,12:29:34,P,8S,176E
10421,2321 October 7,05:58:35,P,5N,89W
10422,2322 April 3,04:39:45,T-,5S,66W
10423,2322 September 26,09:09:54,T-,1N,136W
10424,2323 March 23,16:43:41,P,1S,114E
10425,2323 September 15,19:43:08,P,3S,66E
10426,2324 February 11,03:17:27,N,16N,42W
10427,2324 March 11,21:29:30,N,2N,43E
10428,2324 August 6,04:31:49,N,18S,63W
10429,2324 September 4,11:36:05,N,6S,171W
10430,2325 January 30,02:46:50,P,18N,35W
10431,2325 July 26,20:06:28,T,20S,64E
10432,2326 January 19,07:48:32,T+,20N,111W
10433,2326 July 16,05:54:47,T,21S,84W
10434,2327 January 8,19:50:18,P,22N,67E
10435,2327 July 5,08:44:32,N,22S,127W
10436,2327 November 30,00:45:50,N,23N,11W
10437,2327 December 29,11:23:32,N,22N,168W
10438,2328 May 24,20:06:39,P,22S,61E
10439,2328 November 18,12:59:37,P,20N,165E
10440,2329 May 14,05:26:11,T-,19S,79W
10441,2329 November 7,18:18:33,T+,16N,85E
10442,2330 May 3,20:33:07,P,15S,55E
10443,2330 October 27,18:12:55,P,12N,86E
10444,2331 March 25,03:42:19,N,3S,51W
10445,2331 April 23,13:14:05,N,11S,165E
10446,2331 September 17,06:41:33,N,1S,99W
10447,2331 October 16,19:49:56,N,8N,63E
10448,2332 March 13,13:48:34,P,2N,158E
10449,2332 September 5,19:11:20,P,6S,75E
10450,2333 March 2,16:30:27,T+,7N,119E
10451,2333 August 26,11:49:39,T-,10S,173W
10452,2334 February 19,15:48:18,P,12N,130E
10453,2334 August 16,03:59:52,P,15S,55W
10454,2335 January 10,05:16:00,N,21N,74W
10455,2335 February 8,19:15:18,N,16N,78E
10456,2335 July 7,02:55:54,N,22S,39W
10457,2335 December 30,18:45:24,P,22N,83E
10458,2336 June 25,04:27:14,T,23S,62W
10459,2336 December 19,10:28:54,T-,23N,155W
10460,2337 June 14,06:03:17,T,24S,87W
10461,2337 December 8,23:45:53,P,23N,5E
10462,2338 May 5,04:35:58,N,15S,66W
10463,2338 June 3,13:55:27,N,23S,154E
10464,2338 October 29,13:35:05,N,12N,156E
10465,2338 November 28,06:37:25,N,22N,99W
10466,2339 April 24,20:32:43,P,12S,55E
10467,2339 October 18,13:14:22,P,9N,162E
10468,2340 April 13,12:45:17,T+,9S,172E
10469,2340 October 6,16:39:55,T-,5N,111E
10470,2341 April 3,00:36:59,P,6S,5W
10471,2341 September 26,03:29:16,P,2N,51W
10472,2342 February 21,11:09:44,N,12N,160W
10473,2342 March 23,05:08:18,N,2S,73W
10474,2342 August 17,12:05:10,N,15S,176W
10475,2342 September 15,19:24:22,N,2S,71E
10476,2343 February 10,10:51:39,P,15N,156W
10477,2343 August 7,03:21:51,P,17S,45W
10478,2344 January 30,16:18:41,T+,18N,122E
10479,2344 July 26,12:40:59,T,19S,175E
10480,2345 January 19,04:38:50,P,20N,64W
10481,2345 July 15,15:10:59,N,20S,137E
10482,2345 December 10,09:24:58,N,24N,140W
10483,2346 January 8,20:14:46,N,21N,61E
10484,2346 June 5,03:03:17,P,23S,42W
10485,2346 November 29,21:15:59,P,22N,41E
10486,2347 May 25,12:53:35,T-,21S,170E
10487,2347 November 19,02:04:59,T+,19N,31W
10488,2348 May 14,04:21:14,P,18S,62W
10489,2348 November 7,01:44:25,P,16N,26W
10490,2349 April 4,11:49:55,N,7S,173W
10491,2349 May 3,21:07:25,N,15S,46E
10492,2349 September 27,14:12:31,N,3N,148E
10493,2349 October 27,03:30:27,N,11N,53W
10494,2350 March 24,21:42:58,P,2S,39E
10495,2350 September 17,02:54:54,P,2S,41W
10496,2351 March 14,00:12:41,T+,3N,3E
10497,2351 September 6,19:32:42,T-,6S,70E
10498,2352 March 1,23:39:18,P,8N,12E
10499,2352 August 26,11:26:40,P,11S,167W
10500,2353 January 20,13:54:28,N,19N,157E
10501,2353 February 19,03:33:51,N,13N,46W
10502,2353 July 17,09:35:20,N,20S,138W
10503,2354 January 10,03:35:57,P,21N,49W
10504,2354 July 6,10:53:56,T,22S,158W
10505,2354 December 30,19:17:27,T-,23N,75E
10506,2355 June 25,12:46:19,T,24S,173E
10507,2355 December 20,08:16:43,P,24N,121W
10508,2356 May 15,12:14:44,N,18S,180E
10509,2356 June 13,21:09:23,N,24S,46E
10510,2356 December 8,14:40:36,N,24N,141E
10511,2357 May 5,04:27:44,P,15S,64W
10512,2357 October 28,20:41:13,P,13N,50E
10513,2358 April 24,20:41:46,T+,13S,53E
10514,2358 October 18,00:19:34,T-,9N,5W
10515,2359 April 14,08:20:06,P,10S,121W
10516,2359 October 7,11:23:43,P,6N,170W
10517,2360 March 3,18:54:38,N,8N,84E
10518,2360 April 2,12:35:50,N,6S,175E
10519,2360 August 27,19:41:56,N,11S,69E
10520,2360 September 26,03:19:54,N,2N,49W
10521,2361 February 20,18:53:07,P,11N,84E
10522,2361 August 17,10:38:41,P,14S,154W
10523,2362 February 10,00:47:27,T+,15N,5W
10524,2362 August 6,19:27:11,T+,16S,74E
10525,2363 January 30,13:27:21,P,17N,165E
10526,2363 July 26,21:36:02,P,19S,41E
10527,2363 December 21,18:08:30,N,25N,91E
10528,2364 January 20,05:07:05,N,19N,71W
10529,2364 June 15,09:57:15,N,24S,145W
10530,2364 December 10,05:36:17,P,24N,82W
10531,2365 June 4,20:18:36,T-,23S,59E
10532,2365 November 29,09:57:07,T+,22N,148W
10533,2366 May 25,12:05:08,T,20S,178W
10534,2366 November 18,09:23:06,P,19N,141W
10535,2367 April 15,19:48:55,N,11S,66E
10536,2367 May 15,04:53:36,N,18S,70W
10537,2367 October 8,21:52:39,N,7N,32E
10538,2367 November 7,11:20:25,N,15N,170W
10539,2368 April 4,05:25:31,P,6S,77W
10540,2368 September 27,10:47:20,P,3N,160W
10541,2369 March 24,07:44:15,T-,1S,111W
10542,2369 September 17,03:22:09,T+,2S,48W
10543,2370 March 13,07:22:52,P,4N,104W
10544,2370 September 6,18:57:22,P,7S,80E
10545,2371 January 31,22:31:48,N,16N,29E
10546,2371 March 2,11:47:04,N,9N,169W
10547,2371 July 28,16:11:29,N,18S,123E
10548,2371 August 27,05:10:45,Nb,12S,73W
10549,2372 January 21,12:27:44,P,19N,180E
10550,2372 July 16,17:18:29,P,21S,106E
10551,2373 January 10,04:07:33,T-,22N,56W
10552,2373 July 5,19:28:57,T-,23S,73E
10553,2373 December 30,16:50:27,P,24N,112E
10554,2374 June 25,04:21:36,P,24S,61W
10555,2374 December 19,22:47:53,N,25N,21E
10556,2375 May 16,12:17:12,P,18S,179E
10557,2375 November 9,04:16:34,P,16N,64W
10558,2376 May 5,04:29:55,T+,16S,64W
10559,2376 October 28,08:09:00,T-,13N,122W
10560,2377 April 24,15:54:42,P,14S,125E
10561,2377 October 17,19:26:08,P,10N,69E
10562,2378 March 15,02:32:23,N,4N,31W
10563,2378 April 13,19:55:16,N,10S,65E
10564,2378 September 8,03:23:53,N,7S,47W
10565,2378 October 7,11:22:21,N,7N,170W
10566,2379 March 4,02:48:34,P,7N,35W
10567,2379 August 28,17:58:09,P,10S,95E
10568,2380 February 21,09:11:43,T+,11N,131W
10569,2380 August 17,02:16:10,T+,13S,29W
10570,2381 February 9,22:11:31,P,14N,34E
10571,2381 August 6,04:04:39,P,16S,56W
10572,2382 January 1,02:54:07,N,24N,39W
10573,2382 January 30,13:57:10,N,16N,157E
10574,2382 June 26,16:49:14,N,24S,113E
10575,2382 December 21,14:00:40,P,24N,153E
10576,2383 June 16,03:39:21,T,24S,50W
10577,2383 December 10,17:55:40,T+,23N,93E
10578,2384 June 4,19:42:06,T,22S,68E
10579,2384 November 28,17:11:03,P,21N,103E
10580,2385 April 26,03:39:11,N,15S,51W
10581,2385 May 25,12:32:57,N,20S,175E
10582,2385 November 17,19:18:57,N,18N,71E
10583,2386 April 15,12:59:59,P,11S,169E
10584,2386 October 8,18:46:46,P,7N,79E
10585,2387 April 4,15:07:51,T-,6S,138E
10586,2387 September 28,11:16:56,T+,2N,167W
10587,2388 March 23,15:00:16,P,1S,141E
10588,2388 September 17,02:33:17,P,3S,35W
10589,2389 February 11,07:06:06,N,13N,99W
10590,2389 March 12,19:54:34,N,4N,68E
10591,2389 August 7,22:50:34,N,15S,23E
10592,2389 September 6,12:15:03,N,8S,179W
10593,2390 January 31,21:17:34,P,17N,48E
10594,2390 July 27,23:44:46,P,18S,10E
10595,2391 January 21,12:56:41,T-,20N,173E
10596,2391 July 17,02:12:50,T-,21S,27W
10597,2392 January 11,01:23:56,P,23N,15W
10598,2392 July 5,11:33:11,P,24S,168W
10599,2392 December 30,06:57:20,N,24N,100W
10600,2393 May 26,20:00:14,P,20S,64E
10601,2393 November 19,12:00:29,P,19N,179W
10602,2394 May 16,12:10:00,T+,19S,179W
10603,2394 November 8,16:08:09,T-,16N,118E
10604,2395 May 5,23:17:48,P,17S,14E
10605,2395 October 29,03:37:44,P,14N,54W
10606,2396 March 25,10:01:24,Ne,1S,144W
10607,2396 April 24,03:03:43,N,14S,43W
10608,2396 September 18,11:11:24,N,3S,164W
10609,2396 October 17,19:32:43,N,11N,67E
10610,2397 March 14,10:38:04,P,3N,153W
10611,2397 September 8,01:22:03,P,6S,16W
10612,2398 March 3,17:32:53,T+,7N,104E
10613,2398 August 28,09:06:27,T+,10S,132W
10614,2399 February 21,06:53:33,P,10N,96W
10615,2399 August 17,10:35:26,P,13S,154W
10616,2400 January 12,11:40:47,N,23N,169W
10617,2400 February 10,22:44:27,N,13N,26E
10618,2400 July 6,23:41:22,N,24S,11E
10619,2400 August 5,12:01:19,Nb,15S,175W
10620,2400 December 31,22:26:34,P,24N,29E
10621,2401 June 26,10:59:50,T,24S,160W
10622,2401 December 21,01:56:07,T+,24N,25W
10623,2402 June 16,03:16:59,T,23S,44W
10624,2402 December 10,01:04:27,P,22N,14W
10625,2403 May 7,11:19:39,N,18S,167W
10626,2403 June 5,20:05:08,N,21S,63E
10627,2403 November 29,03:25:44,N,20N,50W
10628,2404 April 25,20:22:55,P,14S,58E
10629,2404 October 19,02:55:17,P,11N,43W
10630,2405 April 14,22:20:34,T-,10S,29E
10631,2405 October 8,19:19:56,T+,6N,71E
10632,2406 April 3,22:29:30,P,5S,28E
10633,2406 September 28,10:14:02,P,2N,151W
10634,2407 February 22,15:37:08,N,9N,133E
10635,2407 March 24,03:55:49,N,0S,53W
10636,2407 August 19,05:30:19,N,12S,77W
10637,2407 September 17,19:23:23,N,3S,73E
10638,2408 February 12,06:04:35,P,13N,83W
10639,2408 August 7,06:12:58,P,16S,87W
10640,2409 January 31,21:44:38,T-,17N,42E
10641,2409 July 27,08:59:05,T-,19S,128W
10642,2410 January 21,09:56:47,P,20N,142W
10643,2410 July 16,18:45:58,P,22S,85E
10644,2411 January 10,15:08:15,N,23N,139E
10645,2411 June 7,03:37:47,P,22S,50W
10646,2411 July 6,10:22:42,Nb,24S,150W
10647,2411 November 30,19:52:22,P,21N,64E
10648,2412 May 26,19:43:25,T+,21S,68E
10649,2412 November 19,00:15:25,T-,19N,3W
10650,2413 May 16,06:33:36,P,20S,95W
10651,2413 November 8,11:57:24,P,17N,179W
10652,2414 May 5,10:04:13,N,17S,148W
10653,2414 September 29,19:04:37,N,1N,77E
10654,2414 October 29,03:49:51,N,14N,57W
10655,2415 March 25,18:20:36,P,1S,91E
10656,2415 September 19,08:51:06,P,2S,129W
10657,2416 March 14,01:45:55,T+,3N,20W
10658,2416 September 7,16:02:33,T-,6S,124E
10659,2417 March 3,15:29:02,P,6N,135E
10660,2417 August 27,17:11:33,P,9S,107E
10661,2418 January 22,20:25:46,N,21N,61E
10662,2418 February 21,07:26:24,N,9N,104W
10663,2418 July 18,06:34:23,N,22S,92W
10664,2418 August 16,18:46:36,N,12S,84E
10665,2419 January 12,06:53:23,P,22N,97W
10666,2419 July 7,18:17:23,T,23S,92E
10667,2420 January 1,10:00:56,T+,23N,145W
10668,2420 June 26,10:47:40,T,23S,156W
10669,2420 December 20,09:03:39,P,23N,132W
10670,2421 June 16,03:32:46,P,22S,48W
10671,2421 December 9,11:40:03,N,22N,172W
10672,2422 May 7,03:37:48,P,18S,51W
10673,2422 October 30,11:10:45,P,15N,167W
10674,2423 April 26,05:25:45,T-,14S,77W
10675,2423 October 20,03:29:19,T+,10N,51W
10676,2424 April 14,05:51:07,P,9S,83W
10677,2424 October 8,18:01:43,P,6N,91E
10678,2425 March 5,00:03:15,N,5N,6E
10679,2425 April 3,11:50:58,N,4S,172W
10680,2425 August 29,12:14:31,N,8S,179W
10681,2425 September 28,02:37:33,N,1N,36W
10682,2426 February 22,14:46:52,P,9N,146E
10683,2426 August 18,12:46:04,P,12S,174E
10684,2427 February 12,06:28:08,T-,14N,89W
10685,2427 August 7,15:48:57,T-,16S,129E
10686,2428 February 1,18:26:27,P,18N,91E
10687,2428 July 27,02:01:20,P,20S,24W
10688,2429 January 20,23:16:44,N,21N,18E
10689,2429 June 17,11:11:33,P,22S,162W
10690,2429 July 16,17:51:15,N,23S,99E
10691,2429 December 11,03:51:44,Nx,22N,55W
10692,2430 June 7,03:09:30,T,22S,43W
10693,2430 November 30,08:31:15,T-,21N,126W
10694,2431 May 27,13:39:33,P,22S,159E
10695,2431 November 19,20:25:36,T,20N,55E
10696,2432 May 15,16:54:29,N,20S,110E
10697,2432 October 10,03:05:14,N,6N,44W
10698,2432 November 8,12:15:14,N,18N,177E
10699,2433 April 5,01:56:44,P,5S,23W
10700,2433 September 29,16:24:45,P,2N,117E
10701,2434 March 25,09:54:38,T+,2S,142W
10702,2434 September 18,23:02:35,T-,2S,18E
10703,2435 March 14,23:59:26,P,2N,7E
10704,2435 September 7,23:52:36,P,5S,6E
10705,2436 February 3,05:08:57,N,18N,68W
10706,2436 March 3,16:03:14,N,5N,126E
10707,2436 July 28,13:31:07,N,20S,165E
10708,2436 August 27,01:39:06,N,9S,20W
10709,2437 January 22,15:17:33,P,20N,139E
10710,2437 July 18,01:38:01,P,21S,18W
10711,2438 January 11,18:05:30,T+,22N,95E
10712,2438 July 7,18:17:19,T+,22S,92E
10713,2438 December 31,17:06:05,P,23N,109E
10714,2439 June 27,10:55:58,P,22S,158W
10715,2439 December 20,19:59:36,N,22N,64E
10716,2440 May 17,10:41:49,P,20S,156W
10717,2440 November 9,19:35:18,P,18N,67E
10718,2441 May 6,12:21:25,T-,17S,179E
10719,2441 October 30,11:45:56,T+,14N,176W
10720,2442 April 25,13:05:12,P,13S,168E
10721,2442 October 20,01:55:57,P,10N,28W
10722,2443 March 16,08:22:54,N,0N,119W
10723,2443 April 14,19:37:49,N,8S,71E
10724,2443 September 9,19:02:39,Ne,4S,78E
10725,2443 October 9,09:58:19,N,5N,147W
10726,2444 March 4,23:24:12,P,5N,17E
10727,2444 August 28,19:24:50,P,8S,74E
10728,2445 February 22,15:07:08,T-,10N,141E
10729,2445 August 17,22:44:46,T+,13S,25E
10730,2446 February 12,02:53:07,P,14N,35W
10731,2446 August 7,09:19:05,P,17S,133W
10732,2447 February 1,07:24:27,N,18N,103W
10733,2447 June 28,18:42:11,N,22S,86E
10734,2447 July 28,01:20:15,N,20S,13W
10735,2447 December 22,11:56:10,Nx,22N,174W
10736,2448 June 17,10:30:31,T,23S,152W
10737,2448 December 10,16:53:19,T-,23N,110E
10738,2449 June 6,20:40:00,T,23S,55E
10739,2449 November 30,04:59:05,T,22N,73W
10740,2450 May 26,23:38:32,N,22S,10E
10741,2450 October 21,11:12:18,N,9N,166W
10742,2450 November 19,20:46:40,N,21N,49E
10743,2451 April 16,09:23:54,P,9S,135W
10744,2451 October 11,00:05:24,P,6N,1E
10745,2452 April 4,17:54:43,T+,6S,97E
10746,2452 September 29,06:10:28,T-,3N,90W
10747,2453 March 25,08:21:32,P,3S,119W
10748,2453 September 18,06:42:17,P,1S,97W
10749,2454 February 13,13:48:10,N,14N,162E
10750,2454 March 15,00:33:02,N,1N,1W
10751,2454 August 8,20:30:20,N,17S,60E
10752,2454 September 7,08:37:33,N,5S,125W
10753,2455 February 2,23:40:14,P,17N,14E
10754,2455 July 29,08:58:50,P,19S,127W
10755,2456 January 23,02:10:08,T+,20N,25W
10756,2456 July 18,01:45:42,T+,21S,19W
10757,2457 January 11,01:11:47,P,21N,11W
10758,2457 July 7,18:16:32,P,22S,93E
10759,2457 December 31,04:23:20,N,22N,60W
10760,2458 May 28,17:39:26,Nx,23S,100E
10761,2458 November 21,04:06:22,P,21N,60W
10762,2459 May 17,19:09:13,T,20S,77E
10763,2459 November 10,20:09:31,T+,18N,59E
10764,2460 May 5,20:13:03,P,16S,61E
10765,2460 October 30,09:56:53,P,14N,148W
10766,2461 March 26,16:36:11,N,4S,117E
10767,2461 April 25,03:19:08,N,12S,45W
10768,2461 October 19,17:26:44,N,9N,100E
10769,2462 March 16,07:55:14,P,1N,112W
10770,2462 September 9,02:10:01,P,4S,28W
10771,2463 March 5,23:39:34,T-,6N,13E
10772,2463 August 29,05:47:14,T+,9S,81W
10773,2464 February 23,11:12:18,P,10N,159W
10774,2464 August 17,16:42:26,P,13S,116E
10775,2465 February 11,15:26:51,N,15N,137E
10776,2465 July 9,02:10:48,N,21S,26W
10777,2465 August 7,08:51:22,N,17S,125W
10778,2466 January 1,20:04:17,Nx,22N,65E
10779,2466 June 28,17:46:38,T,23S,100E
10780,2466 December 22,01:21:41,T,23N,16W
10781,2467 June 18,03:31:37,T,24S,47W
10782,2467 December 11,13:39:54,T,23N,159E
10783,2468 June 6,06:15:13,N,24S,89W
10784,2468 November 30,05:24:27,N,23N,79W
10785,2469 April 26,16:45:33,P,13S,114E
10786,2469 October 21,07:52:38,P,10N,116W
10787,2470 April 16,01:49:49,T+,10S,22W
10788,2470 October 10,13:23:39,T-,7N,161E
10789,2471 April 5,16:38:08,P,7S,116E
10790,2471 September 29,13:39:37,P,3N,158E
10791,2472 February 24,22:21:41,N,11N,34E
10792,2472 March 25,08:55:10,N,3S,127W
10793,2472 August 19,03:36:26,N,14S,47W
10794,2472 September 17,15:45:51,N,1S,127E
10795,2473 February 13,07:57:35,P,14N,110W
10796,2473 August 8,16:24:06,P,16S,121E
10797,2474 February 2,10:11:05,T+,17N,144W
10798,2474 July 29,09:15:38,T+,18S,131W
10799,2475 January 22,09:16:58,P,19N,131W
10800,2475 July 19,01:34:32,P,20S,16W
10801,2476 January 11,12:49:31,N,21N,175E
10802,2476 June 8,00:28:51,N,24S,2W
10803,2476 December 1,12:44:17,P,23N,172E
10804,2477 May 28,01:49:59,T,22S,22W
10805,2477 November 21,04:40:34,T+,20N,68W
10806,2478 May 17,03:13:38,T,19S,43W
10807,2478 November 10,18:04:53,T,17N,90E
10808,2479 April 7,00:42:37,Ne,8S,5W
10809,2479 May 6,10:53:14,N,16S,158W
10810,2479 October 31,01:02:53,N,13N,14W
10811,2480 March 26,16:18:42,P,4S,122E
10812,2480 September 19,09:03:33,P,0S,132W
10813,2481 March 16,08:06:00,T-,1N,114W
10814,2481 September 8,12:56:08,T+,5S,171E
10815,2482 March 5,19:26:14,P,6N,77E
10816,2482 August 29,00:10:16,P,10S,4E
10817,2483 February 22,23:24:23,N,11N,18E
10818,2483 July 20,09:38:03,N,19S,137W
10819,2483 August 18,16:25:11,N,14S,121E
10820,2484 January 13,04:14:53,Nx,21N,56W
10821,2484 July 9,01:00:42,P,22S,8W
10822,2485 January 1,09:52:20,T,23N,142W
10823,2485 June 28,10:20:45,T-,23S,148W
10824,2485 December 21,22:24:27,T,24N,29E
10825,2486 June 17,12:46:55,N,24S,175E
10826,2486 December 11,14:07:10,N,24N,152E
10827,2487 May 7,23:59:40,N,16S,6E
10828,2487 November 1,15:47:25,P,14N,125E
10829,2488 April 26,09:36:10,T+,14S,139W
10830,2488 October 20,20:46:19,T-,11N,51E
10831,2489 April 16,00:46:37,T,11S,6W
10832,2489 October 9,20:45:34,P,7N,51E
10833,2490 March 7,06:48:56,N,6N,93W
10834,2490 April 5,17:09:28,N,8S,109E
10835,2490 September 28,23:02:21,N,4N,17E
10836,2491 February 24,16:09:26,P,10N,127E
10837,2491 August 19,23:52:20,P,13S,9E
10838,2492 February 13,18:09:20,T+,13N,97E
10839,2492 August 8,16:47:17,T-,16S,116E
10840,2493 February 1,17:21:21,P,16N,109E
10841,2493 July 29,08:53:05,P,18S,126W
10842,2494 January 21,21:17:45,N,19N,49E
10843,2494 June 19,07:12:41,N,24S,101W
10844,2494 July 18,19:45:14,Nb,19S,71E
10845,2494 December 12,21:27:43,P,24N,42E
10846,2495 June 8,08:25:20,T,23S,120W
10847,2495 December 2,13:16:56,T+,22N,164E
10848,2496 May 27,10:09:53,T,21S,147W
10849,2496 November 21,02:19:04,T,20N,32W
10850,2497 May 16,18:23:08,N,18S,90E
10851,2497 November 10,08:44:48,N,16N,129W
10852,2498 April 7,00:35:16,P,8S,3W
10853,2498 September 30,16:05:36,Nx,4N,122E
10854,2499 March 27,16:22:54,T-,3S,122E
10855,2499 September 19,20:14:17,T+,1S,61E
10856,2500 March 17,03:30:27,P,2N,44W
10857,2500 September 9,07:45:59,P,6S,111W
10858,2501 March 6,07:13:33,N,7N,99W
10859,2501 July 31,17:06:36,N,17S,111E
10860,2501 August 30,00:04:13,N,10S,6E
10861,2502 January 24,12:26:40,Nx,18N,178W
10862,2502 July 21,08:11:07,P,20S,115W
10863,2503 January 13,18:27:08,T,21N,91E
10864,2503 July 10,17:04:26,T-,22S,112E
10865,2504 January 3,07:13:07,T,23N,101W
10866,2504 June 28,19:14:33,P,24S,79E
10867,2504 December 22,22:54:41,N,24N,22E
10868,2505 May 19,07:09:44,N,19S,102W
10869,2505 November 12,23:47:37,P,17N,6E
10870,2506 May 8,17:18:30,T,17S,106E
10871,2506 November 2,04:15:24,T,14N,62W
10872,2507 April 28,08:48:07,T,14S,127W
10873,2507 October 22,04:00:56,T,11N,58W
10874,2508 March 18,15:08:38,N,2N,142E
10875,2508 April 17,01:15:51,N,12S,13W
10876,2508 October 10,06:29:19,N,8N,95W
10877,2509 March 8,00:13:07,P,6N,6E
10878,2509 August 31,07:27:37,P,9S,105W
10879,2510 February 25,02:01:15,T+,9N,21W
10880,2510 August 21,00:21:36,T-,12S,2E
10881,2511 February 14,01:22:52,P,13N,11W
10882,2511 August 10,16:12:02,P,15S,125E
10883,2512 February 3,05:43:56,N,16N,77W
10884,2512 June 30,13:51:10,N,24S,160E
10885,2512 July 30,02:35:53,N,17S,31W
10886,2512 December 24,06:15:46,P,24N,88W
10887,2513 June 19,14:55:56,P,24S,143E
10888,2513 December 13,21:58:14,T,23N,35E
10889,2514 June 8,17:01:23,T+,23S,111E
10890,2514 December 3,10:39:16,T,22N,156W
10891,2515 May 29,01:46:15,P,21S,21W
10892,2515 November 22,16:34:46,N,19N,114E
10893,2516 April 18,08:44:26,P,12S,125W
10894,2516 October 11,23:17:01,N,8N,14E
10895,2517 April 8,00:32:52,T-,7S,1W
10896,2517 October 1,03:41:07,T,4N,51W
10897,2518 March 28,11:27:42,P,3S,164W
10898,2518 September 20,15:27:28,T,1S,133E
10899,2519 March 17,14:56:26,N,2N,145E
10900,2519 August 12,00:36:43,N,14S,2W
10901,2519 September 10,07:48:23,N,6S,111W
10902,2520 February 4,20:36:27,Nx,15N,60E
10903,2520 July 31,15:22:37,P,17S,138E
10904,2521 January 24,03:01:30,T,19N,36W
10905,2521 July 20,23:47:33,T-,20S,11E
10906,2522 January 13,16:02:19,T,22N,128E
10907,2522 July 10,01:40:39,P,23S,17W
10908,2523 January 3,07:44:09,N,24N,109W
10909,2523 May 30,14:13:13,N,21S,153E
10910,2523 November 24,07:55:24,Nx,19N,116W
10911,2524 May 19,00:54:02,T,19S,8W
10912,2524 November 12,11:52:58,T,18N,176W
10913,2525 May 8,16:42:30,T,18S,115E
10914,2525 November 1,11:26:31,T,15N,169W
10915,2526 April 28,09:13:29,N,15S,133W
10916,2526 October 21,14:05:41,N,12N,151E
10917,2527 March 19,08:09:29,P,1N,114W
10918,2527 September 11,15:08:19,P,5S,139E
10919,2528 March 7,09:46:47,T+,5N,137W
10920,2528 August 31,08:00:19,T-,8S,113W
10921,2529 February 24,09:21:26,P,9N,131W
10922,2529 August 20,23:32:24,P,11S,14E
10923,2530 February 13,14:09:12,N,12N,157E
10924,2530 July 11,20:27:10,N,23S,62E
10925,2530 August 10,09:26:46,N,14S,134W
10926,2531 January 4,15:06:28,P,24N,141E
10927,2531 June 30,21:23:33,P,24S,47E
10928,2531 December 25,06:43:03,T,24N,94W
10929,2532 June 18,23:51:43,T+,23S,9E
10930,2532 December 13,19:02:44,T,23N,79E
10931,2533 June 8,09:07:46,P,22S,130W
10932,2533 December 3,00:30:10,N,21N,4W
10933,2534 April 29,16:45:47,P,16S,114E
10934,2534 October 23,06:38:03,N,12N,97W
10935,2535 April 19,08:33:01,T-,11S,122W
10936,2535 October 12,11:18:38,T,8N,166W
10937,2536 April 7,19:13:18,P,7S,79E
10938,2536 September 30,23:18:44,T,3N,15E
10939,2537 March 27,22:29:42,N,2S,31E
10940,2537 August 22,08:09:08,N,10S,115W
10941,2537 September 20,15:38:06,N,2S,131E
10942,2538 February 15,04:44:31,Nx,12N,61W
10943,2538 August 11,22:33:32,P,14S,30E
10944,2539 February 4,11:35:58,T,16N,164W
10945,2539 August 1,06:28:18,T-,18S,88W
10946,2540 January 25,00:52:56,T,20N,4W
10947,2540 July 20,08:06:21,P,21S,113W
10948,2541 January 13,16:35:03,N,22N,120E
10949,2541 June 9,21:15:08,N,22S,48E
10950,2541 July 9,09:38:29,Nb,24S,136W
10951,2541 December 4,16:08:21,N,21N,122E
10952,2542 May 30,08:25:22,T,21S,120W
10953,2542 November 23,19:37:00,T,20N,69E
10954,2543 May 20,00:31:08,T,20S,2W
10955,2543 November 12,19:00:51,T,18N,77E
10956,2544 May 8,17:03:20,N,18S,110E
10957,2544 October 31,21:52:27,N,15N,34E
10958,2545 March 29,15:56:33,P,3S,129E
10959,2545 September 21,22:55:50,P,1S,22E
10960,2546 March 18,17:24:17,T+,1N,108E
10961,2546 September 11,15:43:56,T-,4S,130E
10962,2547 March 7,17:12:49,P,5N,111E
10963,2547 September 1,06:56:14,P,8S,97W
10964,2548 February 24,22:29:44,N,8N,32E
10965,2548 July 22,03:01:34,N,21S,36W
10966,2548 August 20,16:20:01,N,11S,122E
10967,2549 January 14,23:58:01,P,22N,10E
10968,2549 July 11,03:50:12,P,23S,49W
10969,2550 January 4,15:31:00,T,23N,135E
10970,2550 June 30,06:38:43,T+,23S,91W
10971,2550 December 25,03:31:04,T,23N,46W
10972,2551 June 19,16:25:17,P,23S,121E
10973,2551 December 14,08:31:21,N,22N,122W
10974,2552 May 10,00:40:14,P,19S,4W
10975,2552 June 8,07:57:03,Nb,21S,112W
10976,2552 November 2,14:09:22,N,16N,150E
10977,2553 April 29,16:26:25,T,15S,120E
10978,2553 October 22,19:04:11,T,12N,77E
10979,2554 April 19,02:51:33,P,11S,36W
10980,2554 October 12,07:17:08,T,7N,105W
10981,2555 April 8,05:53:58,N,6S,81W
10982,2555 September 2,15:45:57,Ne,6S,130E
10983,2555 October 1,23:35:11,N,2N,11E
10984,2556 February 26,12:48:08,N,8N,178E
10985,2556 August 22,05:48:05,P,11S,79W
10986,2557 February 14,20:06:30,T,12N,69E
10987,2557 August 11,13:11:57,T+,15S,171E
10988,2558 February 4,09:41:29,T,17N,135W
10989,2558 July 31,14:32:26,P,19S,151E
10990,2559 January 25,01:25:29,N,20N,11W
10991,2559 June 21,04:13:10,N,22S,55W
10992,2559 July 20,16:18:32,N,22S,125E
10993,2559 December 16,00:26:02,N,22N,1W
10994,2560 June 9,15:52:08,P,22S,129E
10995,2560 December 4,03:28:39,T,22N,48W
10996,2561 May 30,08:13:38,T-,22S,117W
10997,2561 November 23,02:43:40,T,21N,37W
10998,2562 May 20,00:45:23,P,21S,5W
10999,2562 November 12,05:48:45,Nx,19N,84W
11000,2563 April 9,23:33:33,P,7S,15E
11001,2563 October 3,06:51:07,P,3N,98W
11002,2564 March 29,00:54:06,T,3S,5W
11003,2564 September 21,23:33:16,T,0S,12E
11004,2565 March 18,00:59:22,T,1N,6W
11005,2565 September 11,14:24:12,T,4S,150E
11006,2566 March 7,06:46:52,N,4N,92W
11007,2566 August 2,09:35:06,Ne,19S,134W
11008,2566 August 31,23:15:21,N,7S,18E
11009,2567 January 26,08:49:56,P,20N,122W
11010,2567 July 22,10:17:26,P,21S,145W
11011,2568 January 16,00:18:34,T,21N,5E
11012,2568 July 10,13:27:45,T-,22S,167E
11013,2569 January 4,12:00:29,T,22N,172W
11014,2569 June 29,23:42:27,P,22S,13E
11015,2569 December 24,16:35:18,N,22N,118E
11016,2570 May 21,08:28:02,N,21S,120W
11017,2570 June 19,15:30:31,N,22S,135E
11018,2570 November 13,21:50:12,N,19N,36E
11019,2571 May 11,00:09:06,T,18S,4E
11020,2571 November 3,03:01:01,T,15N,42W
11021,2572 April 29,10:18:28,T,14S,148W
11022,2572 October 22,15:24:53,T,11N,132E
11023,2573 April 18,13:08:28,N,10S,170E
11024,2573 October 12,07:39:27,P,7N,110W
11025,2574 March 8,20:47:08,N,4N,58E
11026,2574 September 2,13:03:42,P,7S,171E
11027,2575 February 26,04:34:54,T,8N,58W
11028,2575 August 22,19:56:32,T+,11S,69E
11029,2576 February 15,18:27:33,T,13N,94E
11030,2576 August 10,21:01:26,P,16S,54E
11031,2577 February 4,10:14:49,N,17N,143W
11032,2577 July 1,11:11:08,N,22S,159W
11033,2577 July 30,23:01:14,N,19S,24E
11034,2577 December 26,08:46:27,N,22N,124W
11035,2578 June 20,23:17:05,P,23S,19E
11036,2578 December 15,11:24:39,T,23N,165W
11037,2579 June 10,15:51:26,T-,23S,130E
11038,2579 December 4,10:34:13,T,22N,154W
11039,2580 May 30,08:21:38,P,23S,118W
11040,2580 November 22,13:52:59,P,21N,155E
11041,2581 April 20,07:01:04,N,11S,97W
11042,2581 October 13,14:54:30,N,7N,141E
11043,2582 April 9,08:13:59,T,7S,115W
11044,2582 October 3,07:29:03,T,4N,107W
11045,2583 March 29,08:37:39,T,4S,121W
11046,2583 September 22,21:58:06,T,0N,36E
11047,2584 March 17,14:56:25,N,0S,145E
11048,2584 September 11,06:16:14,N,3S,88W
11049,2585 February 5,17:40:16,P,17N,106E
11050,2585 August 1,16:45:35,P,18S,119E
11051,2586 January 26,09:06:34,T,19N,126W
11052,2586 July 21,20:16:47,T-,20S,66E
11053,2587 January 15,20:31:07,T,21N,62E
11054,2587 July 11,06:58:13,P,21S,95W
11055,2588 January 5,00:42:53,N,22N,2W
11056,2588 May 31,16:10:46,N,23S,125E
11057,2588 June 29,23:02:17,N,22S,23E
11058,2588 November 24,05:39:09,N,22N,81W
11059,2589 May 21,07:46:01,T,21S,109W
11060,2589 November 13,11:06:01,T,19N,163W
11061,2590 May 10,17:36:56,T,18S,103E
11062,2590 November 2,23:40:12,T-,15N,9E
11063,2591 April 29,20:14:12,N,14S,64E
11064,2591 October 23,15:51:13,P,11N,126E
11065,2592 March 19,04:38:54,N,1S,60W
11066,2592 September 12,20:25:19,P,3S,60E
11067,2593 March 8,12:57:32,T,4N,176E
11068,2593 September 2,02:44:50,T+,7S,33W
11069,2594 February 26,03:08:54,T,9N,36W
11070,2594 August 22,03:34:22,P,12S,45W
11071,2595 February 15,18:59:22,N,13N,87E
11072,2595 July 12,18:08:13,N,20S,98E
11073,2595 August 11,05:47:49,N,16S,77W
11074,2596 January 6,17:09:04,N,21N,112E
11075,2596 July 1,06:40:09,P,22S,91W
11076,2596 December 25,19:24:44,T,23N,77E
11077,2597 June 20,23:25:26,T-,23S,17E
11078,2597 December 14,18:32:07,T,23N,88E
11079,2598 June 10,15:50:01,P,24S,131E
11080,2598 December 3,22:06:11,P,23N,34E
11081,2599 May 1,14:18:45,N,14S,153E
11082,2599 October 24,23:06:08,N,11N,18E
11083,2600 April 20,15:25:41,T,11S,137E
11084,2600 October 14,15:31:59,T,8N,132E
11085,2601 April 9,16:10:39,T,8S,126E
11086,2601 October 4,05:36:14,T,5N,79W
11087,2602 March 29,23:01:38,N,4S,23E
11088,2602 September 23,13:21:50,N,1N,165E
11089,2603 February 18,02:26:58,P,13N,25W
11090,2603 August 13,23:17:51,P,15S,21E
11091,2604 February 7,17:51:11,T,16N,104E
11092,2604 August 2,03:10:29,T-,18S,38W
11093,2605 January 27,04:58:58,T,18N,64W
11094,2605 July 22,14:16:22,P,20S,156E
11095,2606 January 16,08:50:19,N,20N,123W
11096,2606 June 12,23:46:43,N,24S,12E
11097,2606 July 12,06:31:08,N,21S,88W
11098,2606 December 6,13:36:27,N,23N,161E
11099,2607 June 2,15:13:55,P,23S,139E
11100,2607 November 25,19:20:19,P,21N,75E
11101,2608 May 22,00:45:18,T,20S,4W
11102,2608 November 14,08:04:33,T-,18N,117W
11103,2609 May 11,03:10:50,N,17S,40W
11104,2609 November 4,00:09:40,P,14N,2E
11105,2610 March 31,12:25:16,N,5S,177W
11106,2610 September 25,03:50:47,N,2N,52W
11107,2611 March 20,21:14:33,T,0S,51E
11108,2611 September 14,09:37:36,T,3S,137W
11109,2612 March 9,11:45:52,T,5N,166W
11110,2612 September 2,10:12:37,T,8S,145W
11111,2613 February 27,03:40:03,N,9N,43W
11112,2613 July 24,01:08:17,Ne,18S,7W
11113,2613 August 22,12:40:07,N,13S,180E
11114,2614 January 18,01:31:45,N,20N,13W
11115,2614 July 13,14:02:30,P,21S,159E
11116,2615 January 7,03:27:06,T,22N,42W
11117,2615 July 3,06:57:20,T-,23S,95W
11118,2615 December 27,02:33:58,T+,24N,30W
11119,2616 June 21,23:14:53,P,24S,20E
11120,2616 December 15,06:25:32,P,24N,90W
11121,2617 May 12,21:27:24,N,17S,46E
11122,2617 November 5,07:25:07,N,15N,107W
11123,2618 May 1,22:28:05,T,15S,31E
11124,2618 October 25,23:42:26,T,12N,9E
11125,2619 April 20,23:33:42,T,12S,15E
11126,2619 October 15,13:22:29,T,9N,164E
11127,2620 April 9,06:58:47,P,8S,96W
11128,2620 October 3,20:33:57,N,5N,57E
11129,2621 February 28,11:09:03,P,9N,155W
11130,2621 August 24,05:54:22,N,12S,79W
11131,2622 February 18,02:32:59,T,12N,26W
11132,2622 August 13,10:06:08,T-,15S,141W
11133,2623 February 7,13:25:20,T,15N,170E
11134,2623 August 2,21:35:48,P,17S,46E
11135,2624 January 27,16:56:50,N,18N,117E
11136,2624 June 23,07:19:46,N,25S,100W
11137,2624 July 22,14:00:56,N,19S,160E
11138,2624 December 16,21:40:25,N,24N,42E
11139,2625 June 12,22:36:39,P,24S,30E
11140,2625 December 6,03:40:53,P,23N,49W
11141,2626 June 2,07:46:44,T+,22S,108W
11142,2626 November 25,16:35:27,T-,20N,116E
11143,2627 May 22,09:59:12,P,19S,142W
11144,2627 November 15,08:35:40,P,17N,124W
11145,2628 April 10,20:04:00,N,9S,68E
11146,2628 October 5,11:22:30,N,6N,165W
11147,2629 March 31,05:24:37,T,4S,72W
11148,2629 September 24,16:36:45,T,1N,117E
11149,2630 March 20,20:15:16,T,0N,67E
11150,2630 September 13,16:57:18,T,4S,114E
11151,2631 March 10,12:13:33,P,5N,172W
11152,2631 September 2,19:39:18,N,9S,74E
11153,2632 January 29,09:52:07,N,17N,137W
11154,2632 July 23,21:26:01,P,19S,49E
11155,2633 January 17,11:31:11,T,20N,162W
11156,2633 July 13,14:26:23,T+,22S,154E
11157,2634 January 6,10:40:40,T+,23N,150W
11158,2634 July 3,06:34:23,P,24S,88W
11159,2634 December 26,14:51:05,P,24N,146E
11160,2635 May 24,04:26:35,N,20S,58W
11161,2635 June 22,17:24:39,Nb,25S,108E
11162,2635 November 16,15:52:29,N,18N,127E
11163,2635 December 16,02:16:39,N,25N,27W
11164,2636 May 12,05:23:36,P,18S,73W
11165,2636 November 5,07:58:56,T,15N,115W
11166,2637 May 1,06:52:10,T-,15S,95W
11167,2637 October 25,21:14:11,T,13N,46E
11168,2638 April 20,14:49:41,P,12S,146E
11169,2638 October 15,03:52:17,N,9N,53W
11170,2639 March 11,19:45:23,P,5N,75E
11171,2639 September 4,12:37:54,N,8S,180E
11172,2640 February 29,11:07:48,T,8N,155W
11173,2640 August 23,17:09:19,T,11S,113E
11174,2641 February 17,21:46:04,T,11N,45E
11175,2641 August 13,04:58:42,T,14S,64W
11176,2642 February 7,01:00:14,N,15N,3W
11177,2642 July 4,14:48:51,N,24S,148E
11178,2642 August 2,21:30:59,N,16S,48E
11179,2642 December 28,05:49:29,N,24N,78W
11180,2643 June 24,05:52:24,P,24S,78W
11181,2643 December 17,12:08:59,P,24N,175W
11182,2644 June 12,14:40:34,T+,23S,149E
11183,2644 December 6,01:12:54,T-,22N,12W
11184,2645 June 1,16:40:36,P,21S,119E
11185,2645 November 25,17:08:16,P,20N,109E
11186,2646 April 22,03:35:31,N,13S,45W
11187,2646 October 16,19:00:12,N,10N,80E
11188,2647 April 11,13:28:29,T,9S,167E
11189,2647 October 5,23:42:33,T,5N,10E
11190,2648 March 31,04:38:32,T,4S,60W
11191,2648 September 23,23:50:09,T,0N,10E
11192,2649 March 20,20:41:39,P,1N,61E
11193,2649 September 13,02:45:09,N,5S,33W
11194,2650 February 8,18:09:59,N,14N,100E
11195,2650 August 4,04:51:39,P,16S,62W
11196,2651 January 28,19:32:59,T,18N,79E
11197,2651 July 24,21:56:01,T+,20S,42E
11198,2652 January 17,18:48:27,T+,21N,89E
11199,2652 July 13,13:52:27,P,22S,163E
11200,2653 January 5,23:18:55,P,23N,20E
11201,2653 June 3,11:18:15,N,21S,160W
11202,2653 July 3,00:17:37,N,24S,6E
11203,2653 November 27,00:26:25,N,20N,0W
11204,2653 December 26,11:00:19,N,25N,156W
11205,2654 May 23,12:09:21,P,20S,174W
11206,2654 November 16,16:23:11,T,18N,120E
11207,2655 May 12,14:01:47,T-,18S,158E
11208,2655 November 6,05:13:36,T+,16N,73W
11209,2656 April 30,22:32:51,P,16S,30E
11210,2656 October 25,11:18:45,Nx,13N,165W
11211,2657 March 22,04:15:37,N,0N,53W
11212,2657 September 14,19:26:58,N,4S,77E
11213,2658 March 11,19:37:41,T,4N,77E
11214,2658 September 4,00:17:32,T,7S,5E
11215,2659 March 1,06:01:08,T,7N,78W
11216,2659 August 24,12:25:53,T,11S,176W
11217,2660 February 18,09:00:08,N,11N,123W
11218,2660 July 14,22:16:53,N,23S,37E
11219,2660 August 13,05:03:27,N,13S,65W
11220,2661 January 7,14:01:35,N,23N,160E
11221,2661 July 4,13:05:13,P,23S,175E
11222,2661 December 27,20:41:10,P,24N,59E
11223,2662 June 23,21:28:04,T+,23S,48E
11224,2662 December 17,09:55:29,T-,23N,141W
11225,2663 June 12,23:16:24,P,22S,21E
11226,2663 December 7,01:45:56,P,22N,20W
11227,2664 May 2,11:00:10,N,17S,157W
11228,2664 June 1,00:26:03,Nb,21S,3E
11229,2664 October 27,02:45:20,N,14N,36W
11230,2665 April 21,21:25:02,T,13S,48E
11231,2665 October 16,06:55:19,P,9N,98W
11232,2666 April 11,12:53:42,T+,8S,176E
11233,2666 October 5,06:52:02,T-,5N,96W
11234,2667 April 1,04:59:45,P,3S,64W
11235,2667 September 24,10:00:39,P,0S,142W
11236,2668 February 20,02:22:36,N,10N,23W
11237,2668 August 14,12:20:04,P,13S,174W
11238,2669 February 8,03:33:04,P,15N,41W
11239,2669 August 4,05:25:20,T+,17S,70W
11240,2670 January 28,02:57:43,T+,18N,32W
11241,2670 July 24,21:06:28,P,20S,55E
11242,2671 January 17,07:50:18,P,22N,106W
11243,2671 June 14,18:03:01,N,22S,99E
11244,2671 July 14,07:06:49,N,23S,95W
11245,2671 December 8,09:06:19,N,21N,129W
11246,2672 January 6,19:46:59,N,24N,74E
11247,2672 June 2,18:50:39,P,22S,87E
11248,2672 November 27,00:53:08,P,21N,7W
11249,2673 May 22,21:07:24,T-,21S,52E
11250,2673 November 16,13:18:11,T+,19N,166E
11251,2674 May 12,06:11:01,P,19S,84W
11252,2674 November 5,18:52:17,P,17N,82E
11253,2675 April 2,12:37:33,N,4S,178W
11254,2675 May 1,21:07:16,Nb,17S,52E
11255,2675 September 26,02:25:48,N,0N,28W
11256,2676 March 22,03:59:06,T,0S,48W
11257,2676 September 14,07:34:06,T,3S,105W
11258,2677 March 11,14:08:06,T,3N,160E
11259,2677 September 3,19:58:59,T,7S,70E
11260,2678 February 28,16:52:54,N,7N,119E
11261,2678 July 26,05:42:41,N,21S,73W
11262,2678 August 24,12:38:23,N,10S,179W
11263,2679 January 18,22:16:02,N,22N,38E
11264,2679 July 15,20:14:10,P,22S,68E
11265,2680 January 8,05:16:52,P,23N,68W
11266,2680 July 4,04:11:07,T-,23S,51W
11267,2680 December 27,18:43:05,T-,23N,89E
11268,2681 June 23,05:46:34,P,23S,76W
11269,2681 December 17,10:29:13,P,22N,149W
11270,2682 May 13,18:18:50,N,20S,94E
11271,2682 June 12,07:13:50,N,22S,98W
11272,2682 November 7,10:37:27,N,17N,154W
11273,2683 May 3,05:14:46,P,16S,70W
11274,2683 October 27,14:16:32,P,13N,152E
11275,2684 April 21,21:02:50,T+,12S,54E
11276,2684 October 15,14:01:43,T-,9N,156E
11277,2685 April 11,13:11:29,P,8S,173E
11278,2685 October 4,17:24:11,P,4N,106E
11279,2686 March 2,10:28:53,N,6N,145W
11280,2686 August 25,19:52:22,P,9S,72E
11281,2687 February 19,11:28:02,P,11N,159W
11282,2687 August 15,12:57:37,T+,14S,177E
11283,2688 February 8,11:03:30,T+,15N,153W
11284,2688 August 4,04:22:03,P,17S,54W
11285,2689 January 27,16:21:23,P,19N,128E
11286,2689 June 25,00:41:31,N,22S,1E
11287,2689 July 24,13:53:09,N,21S,164E
11288,2689 December 18,17:51:16,N,22N,101E
11289,2690 January 17,04:35:17,N,22N,57W
11290,2690 June 14,01:25:03,P,23S,11W
11291,2690 December 8,09:29:22,P,22N,135W
11292,2691 June 3,04:06:13,T-,22S,52W
11293,2691 November 27,21:30:20,T+,21N,44E
11294,2692 May 22,13:43:08,P,21S,163E
11295,2692 November 16,02:32:31,P,20N,32W
11296,2693 April 12,20:52:52,N,8S,58E
11297,2693 May 12,05:00:40,N,20S,66W
11298,2693 October 6,09:32:29,N,4N,135W
11299,2694 April 2,12:12:44,T,5S,172W
11300,2694 September 25,14:58:03,P,1N,144E
11301,2695 March 22,22:07:31,T,1S,40E
11302,2695 September 15,03:38:20,T+,3S,46W
11303,2696 March 11,00:39:17,N,3N,2E
11304,2696 September 3,20:18:25,P,6S,65E
11305,2697 January 29,06:31:11,N,19N,84W
11306,2697 July 26,03:21:15,P,20S,38W
11307,2698 January 18,13:54:16,P,21N,164E
11308,2698 July 15,10:51:12,T-,21S,151W
11309,2699 January 8,03:32:27,T-,22N,42W
11310,2699 July 4,12:14:28,P,22S,172W
11311,2699 December 28,19:15:28,P,22N,81E
11312,2700 May 25,01:32:20,N,22S,13W
11313,2700 June 23,13:59:43,N,22S,161E
11314,2700 November 18,18:35:06,N,20N,87E
11315,2701 May 14,12:58:21,P,19S,175E
11316,2701 November 7,21:45:22,P,17N,40E
11317,2702 May 4,05:02:21,T+,16S,66W
11318,2702 October 27,21:21:47,T-,13N,46E
11319,2703 April 23,21:12:57,P,12S,52E
11320,2703 October 17,00:58:02,P,8N,8W
11321,2704 March 13,18:26:58,N,2N,95E
11322,2704 September 6,03:30:17,N,5S,43W
11323,2704 October 5,11:58:46,Nb,3N,172W
11324,2705 March 2,19:18:45,P,7N,83E
11325,2705 August 26,20:31:01,T,10S,63E
11326,2706 February 19,19:08:31,T+,12N,86E
11327,2706 August 16,11:37:00,T,14S,162W
11328,2707 February 9,00:51:51,P,16N,1E
11329,2707 July 7,07:16:15,Ne,21S,97W
11330,2707 August 5,20:39:14,N,18S,63E
11331,2707 December 31,02:40:18,N,22N,29W
11332,2708 January 29,13:24:03,N,20N,172E
11333,2708 June 25,07:57:36,P,23S,108W
11334,2708 December 19,18:08:42,P,23N,97E
11335,2709 June 14,11:03:25,T+,23S,155W
11336,2709 December 9,05:46:36,T+,23N,79W
11337,2710 June 3,21:10:23,P,23S,53E
11338,2710 November 28,10:19:44,P,22N,148W
11339,2711 April 25,04:59:49,N,12S,64W
11340,2711 May 24,12:47:50,N,22S,178E
11341,2711 October 18,16:49:35,N,8N,115E
11342,2712 April 13,20:16:52,T,9S,67E
11343,2712 October 6,22:32:13,P,5N,30E
11344,2713 April 3,05:57:08,T,5S,78W
11345,2713 September 26,11:24:41,T+,1N,163W
11346,2714 March 23,08:17:02,Nx,2S,113W
11347,2714 September 16,04:03:38,P,2S,52W
11348,2715 February 10,14:44:02,N,16N,153E
11349,2715 August 7,10:27:45,P,17S,144W
11350,2716 January 30,22:32:36,P,18N,36E
11351,2716 July 26,17:28:56,T-,19S,110E
11352,2717 January 19,12:23:43,T-,20N,173W
11353,2717 July 15,18:39:40,P,21S,92E
11354,2718 January 9,04:04:42,P,21N,49W
11355,2718 June 5,08:40:08,N,24S,119W
11356,2718 July 4,20:42:24,N,22S,61E
11357,2718 November 30,02:39:40,N,23N,33W
11358,2719 May 25,20:36:44,P,21S,61E
11359,2719 November 19,05:21:16,P,20N,74W
11360,2720 May 14,12:56:50,T+,19S,176E
11361,2720 November 7,04:50:33,T-,16N,66W
11362,2721 May 4,05:07:36,P,15S,67W
11363,2721 October 27,08:40:23,P,12N,123W
11364,2722 March 25,02:17:14,N,3S,22W
11365,2722 September 17,11:14:28,N,1S,159W
11366,2722 October 16,19:56:04,N,7N,69E
11367,2723 March 14,03:00:48,P,3N,32W
11368,2723 September 7,04:10:10,T,6S,52W
11369,2724 March 2,03:07:53,T+,8N,33W
11370,2724 August 26,18:54:49,T,10S,88E
11371,2725 February 19,09:18:57,P,12N,126W
11372,2725 August 16,03:25:48,N,15S,39W
11373,2726 January 10,11:31:30,N,21N,161W
11374,2726 February 8,22:10:40,N,16N,42E
11375,2726 July 6,14:25:33,P,22S,156E
11376,2726 December 31,02:52:31,P,23N,32W
11377,2727 June 25,17:57:08,T+,23S,103E
11378,2727 December 20,14:07:35,T+,23N,158E
11379,2728 June 14,04:34:21,P,24S,57W
11380,2728 December 8,18:13:34,P,23N,95E
11381,2729 May 5,12:59:44,N,15S,176E
11382,2729 June 3,20:29:16,N,24S,63E
11383,2729 October 29,00:15:40,N,12N,3E
11384,2730 April 25,04:13:03,P,13S,52W
11385,2730 October 18,06:15:28,P,9N,86W
11386,2731 April 14,13:37:27,T-,9S,167E
11387,2731 October 7,19:19:13,T+,6N,78E
11388,2732 April 2,15:47:26,Nx,6S,135E
11389,2732 September 26,11:53:56,P,2N,170W
11390,2733 February 20,22:54:49,N,12N,31E
11391,2733 August 17,17:35:07,N,14S,109E
11392,2734 February 10,07:08:47,P,15N,93W
11393,2734 August 7,00:06:17,T-,17S,11E
11394,2735 January 30,21:13:45,T-,18N,55E
11395,2735 July 27,01:06:30,P,19S,4W
11396,2736 January 20,12:52:56,P,19N,180E
11397,2736 June 15,15:45:49,N,25S,135E
11398,2736 July 15,03:26:59,N,20S,39W
11399,2736 December 10,10:49:08,N,24N,153W
11400,2737 June 5,04:09:30,P,23S,51W
11401,2737 November 29,13:04:48,P,22N,172E
11402,2738 May 25,20:43:19,T+,21S,60E
11403,2738 November 18,12:29:42,T-,19N,180E
11404,2739 May 15,12:52:11,P,18S,178E
11405,2739 November 7,16:33:47,P,15N,119E
11406,2740 April 4,09:58:17,N,7S,138W
11407,2740 September 27,19:04:39,N,3N,83E
11408,2740 October 27,04:01:09,N,11N,53W
11409,2741 March 24,10:36:55,P,2S,147W
11410,2741 September 17,11:52:55,T,2S,168W
11411,2742 March 13,11:02:37,T+,3N,152W
11412,2742 September 7,02:14:46,T,6S,23W
11413,2743 March 2,17:43:04,P,8N,109E
11414,2743 August 27,10:15:10,N,11S,142W
11415,2744 January 21,20:23:11,N,19N,68E
11416,2744 February 20,06:54:26,N,13N,89W
11417,2744 July 16,20:55:09,P,20S,59E
11418,2745 January 10,11:37:38,P,21N,162W
11419,2745 July 6,00:50:21,T+,22S,0E
11420,2745 December 30,22:31:19,T+,23N,34E
11421,2746 June 25,11:55:59,P,24S,167W
11422,2746 December 20,02:11:51,P,24N,23W
11423,2747 May 16,20:51:32,N,18S,58E
11424,2747 June 15,04:06:13,N,24S,50W
11425,2747 November 9,07:52:28,N,15N,110W
11426,2747 December 9,01:24:50,N,24N,13W
11427,2748 May 5,12:00:09,P,16S,169W
11428,2748 October 28,14:07:40,P,13N,156E
11429,2749 April 24,21:07:32,T-,13S,54E
11430,2749 October 18,03:21:40,T+,10N,43W
11431,2750 April 13,23:06:26,P,10S,25E
11432,2750 October 7,19:51:22,P,6N,70E
11433,2751 March 4,07:00:48,N,8N,90W
11434,2751 August 29,00:44:37,N,10S,1E
11435,2752 February 21,15:42:15,P,11N,139E
11436,2752 August 17,06:45:06,T,13S,88W
11437,2753 February 10,06:03:22,T-,14N,76W
11438,2753 August 6,07:32:44,T,16S,100W
11439,2754 January 30,21:42:08,P,17N,49E
11440,2754 June 26,22:48:44,Ne,25S,31E
11441,2754 July 26,10:12:00,N,18S,140W
11442,2754 December 21,19:03:15,N,25N,85E
11443,2755 June 16,11:39:21,P,24S,163W
11444,2755 December 10,20:54:39,P,23N,56E
11445,2756 June 5,04:26:06,T+,23S,55W
11446,2756 November 28,20:15:29,T-,21N,64E
11447,2757 May 25,20:31:07,P,20S,63E
11448,2757 November 18,00:35:24,P,18N,1W
11449,2758 April 15,17:28:58,N,11S,109E
11450,2758 May 15,07:26:11,Nb,17S,100W
11451,2758 October 9,03:02:58,N,7N,38W
11452,2758 November 7,12:15:27,N,15N,176W
11453,2759 April 4,18:03:23,P,6S,101E
11454,2759 September 28,19:42:45,P,3N,74E
11455,2760 March 23,18:49:54,T+,1S,91E
11456,2760 September 17,09:40:35,T-,2S,135W
11457,2761 March 13,02:01:39,P,4N,16W
11458,2761 September 6,17:07:18,Nx,7S,115E
11459,2762 February 1,05:14:43,N,16N,64W
11460,2762 March 2,15:33:55,N,9N,141E
11461,2762 July 28,03:24:16,N,18S,37W
11462,2763 January 21,20:23:35,P,19N,68E
11463,2763 July 17,07:43:39,T+,21S,102W
11464,2764 January 11,06:57:46,T+,22N,91W
11465,2764 July 5,19:15:49,P,23S,84E
11466,2764 December 30,10:14:06,P,24N,142W
11467,2765 May 27,04:37:27,N,20S,58W
11468,2765 June 25,11:39:32,N,25S,162W
11469,2765 November 19,15:38:17,N,18N,134E
11470,2765 December 19,09:20:56,N,25N,130W
11471,2766 May 16,19:38:18,P,19S,77E
11472,2766 November 8,22:09:29,P,16N,36E
11473,2767 May 6,04:28:53,T-,17S,56W
11474,2767 October 29,11:31:52,T+,13N,165W
11475,2768 April 24,06:18:26,P,14S,83W
11476,2768 October 18,03:55:36,P,10N,51W
11477,2769 March 14,15:02:24,N,3N,149E
11478,2769 September 8,07:56:48,N,6S,107W
11479,2769 October 7,18:39:36,N,7N,88E
11480,2770 March 4,00:11:40,P,7N,12E
11481,2770 August 28,13:27:15,T,10S,171E
11482,2771 February 21,14:47:55,T-,11N,153E
11483,2771 August 17,14:04:20,T,13S,162E
11484,2772 February 11,06:27:48,P,14N,82W
11485,2772 August 5,17:00:33,N,16S,118E
11486,2773 January 1,03:19:29,N,24N,37W
11487,2773 June 26,19:05:54,P,24S,87E
11488,2773 December 21,04:50:12,P,24N,61W
11489,2774 June 16,12:01:40,T-,23S,168W
11490,2774 December 10,04:10:47,T-,23N,53W
11491,2775 June 6,04:01:54,P,22S,48W
11492,2775 November 29,08:45:58,P,21N,123W
11493,2776 April 26,00:50:25,N,15S,1W
11494,2776 May 25,14:39:01,N,20S,152E
11495,2776 October 19,11:08:55,N,11N,159W
11496,2776 November 17,20:37:54,N,18N,59E
11497,2777 April 15,01:22:23,P,10S,9W
11498,2777 October 9,03:37:45,P,7N,46W
11499,2778 April 4,02:31:48,T+,5S,25W
11500,2778 September 28,17:10:59,T-,2N,112E
11501,2779 March 24,10:14:32,P,1S,140W
11502,2779 September 18,00:04:53,P,3S,10E
11503,2780 February 12,14:04:32,N,13N,164E
11504,2780 March 13,00:09:05,N,4N,13E
11505,2780 August 7,09:56:19,N,15S,135W
11506,2781 February 1,05:07:58,P,17N,62W
11507,2781 July 27,14:38:59,T,19S,154E
11508,2782 January 21,15:23:04,T+,20N,144E
11509,2782 July 17,02:35:28,T,21S,25W
11510,2783 January 10,18:18:02,P,23N,99E
11511,2783 June 7,12:17:27,N,21S,172W
11512,2783 July 6,19:11:10,N,24S,86E
11513,2783 November 30,23:32:00,N,20N,17E
11514,2783 December 30,17:20:31,N,24N,112E
11515,2784 May 27,03:08:54,P,21S,35W
11516,2784 November 19,06:20:13,P,19N,86W
11517,2785 May 16,11:39:40,T-,19S,163W
11518,2785 November 8,19:50:41,T+,17N,70E
11519,2786 May 5,13:19:52,P,17S,171E
11520,2786 October 29,12:07:55,P,14N,174W
11521,2787 March 25,22:56:42,N,1S,30E
11522,2787 April 24,13:54:20,N,14S,163E
11523,2787 September 19,15:14:14,N,2S,143E
11524,2787 October 19,02:29:28,N,11N,29W
11525,2788 March 14,08:36:50,P,3N,114W
11526,2788 September 7,20:12:11,P,6S,69E
11527,2789 March 3,23:29:51,T-,6N,23E
11528,2789 August 27,20:38:53,T+,9S,63E
11529,2790 February 21,15:10:34,P,10N,147E
11530,2790 August 16,23:52:50,P,12S,15E
11531,2791 January 12,11:38:09,N,23N,160W
11532,2791 February 11,02:59:35,N,13N,30W
11533,2791 July 8,02:32:22,P,23S,24W
11534,2792 January 1,12:48:24,P,24N,179W
11535,2792 June 26,19:36:07,T-,23S,80E
11536,2792 December 20,12:11:32,T-,23N,171W
11537,2793 June 16,11:27:20,P,23S,159W
11538,2793 December 9,17:03:55,P,22N,114E
11539,2794 May 7,08:02:01,N,18S,109W
11540,2794 June 5,21:43:55,N,21S,47E
11541,2794 October 30,19:23:28,N,15N,77E
11542,2794 November 29,05:08:06,N,20N,68W
11543,2795 April 26,08:31:28,P,14S,116W
11544,2795 October 20,11:41:11,P,11N,167W
11545,2796 April 14,10:05:56,T+,10S,139W
11546,2796 October 9,00:47:09,T-,6N,2W
11547,2797 April 3,18:20:53,P,5S,98E
11548,2797 September 28,07:07:54,P,1N,96W
11549,2798 February 22,22:50:07,N,9N,33E
11550,2798 March 24,08:36:37,N,0S,115W
11551,2798 August 18,16:31:28,N,12S,126E
11552,2799 February 12,13:50:02,P,13N,168E
11553,2799 August 7,21:37:38,T,16S,50E
11554,2800 February 1,23:47:11,T+,17N,19E
11555,2800 July 27,09:56:36,T,19S,134W
11556,2801 January 21,02:23:42,P,21N,21W
11557,2801 June 17,19:51:48,N,22S,76E
11558,2801 July 17,02:40:12,N,22S,25W
11559,2801 December 11,07:34:19,N,22N,103W
11560,2802 January 10,01:25:15,N,23N,7W
11561,2802 June 7,10:32:24,P,22S,145W
11562,2802 November 30,14:39:15,P,21N,150E
11563,2803 May 27,18:42:59,T-,21S,92E
11564,2803 November 20,04:17:09,T+,20N,55W
11565,2804 May 15,20:15:12,P,20S,68E
11566,2804 November 8,20:26:02,P,17N,62E
11567,2805 April 5,06:45:50,N,5S,87W
11568,2805 May 4,21:08:11,N,17S,55E
11569,2805 September 29,22:36:36,N,2N,32E
11570,2805 October 29,10:25:36,N,15N,148W
11571,2806 March 25,16:54:41,P,1S,121E
11572,2806 September 19,03:03:31,P,2S,34W
11573,2807 March 15,08:04:45,T-,2N,106W
11574,2807 September 8,03:21:14,T+,5S,38W
11575,2808 March 3,23:46:51,P,6N,18E
11576,2808 August 27,06:51:56,P,9S,90W
11577,2809 January 22,19:56:13,N,21N,77E
11578,2809 February 21,11:23:26,N,9N,156W
11579,2809 July 18,09:56:45,P,22S,134W
11580,2810 January 11,20:50:27,P,22N,62E
11581,2810 July 8,03:06:03,T-,23S,32W
11582,2810 December 31,20:18:19,T-,23N,69E
11583,2811 June 27,18:46:47,P,23S,92E
11584,2811 December 21,01:29:09,P,23N,10W
11585,2812 May 17,15:05:07,N,21S,146E
11586,2812 June 16,04:41:48,N,22S,57W
11587,2812 November 10,03:44:37,N,19N,48W
11588,2812 December 9,13:44:30,N,21N,165E
11589,2813 May 6,15:33:47,P,17S,139E
11590,2813 October 30,19:50:33,P,15N,71E
11591,2814 April 25,17:33:04,T+,13S,109E
11592,2814 October 20,08:29:42,T-,10N,118W
11593,2815 April 15,02:21:28,P,9S,22W
11594,2815 October 9,14:17:15,P,6N,156E
11595,2816 March 5,07:31:10,N,5N,97W
11596,2816 April 3,16:58:39,N,4S,120E
11597,2816 August 28,23:13:01,N,8S,25E
11598,2816 September 27,14:42:10,Nb,1N,151E
11599,2817 February 22,22:27:41,P,9N,39E
11600,2817 August 18,04:40:17,P,12S,56W
11601,2818 February 12,08:07:36,T+,14N,106W
11602,2818 August 7,17:20:37,T,16S,115E
11603,2819 February 1,10:26:27,P,18N,140W
11604,2819 June 29,03:22:47,Ne,22S,36W
11605,2819 July 28,10:10:35,P,20S,137W
11606,2819 December 22,15:42:44,N,22N,137E
11607,2820 January 21,09:30:50,N,21N,127W
11608,2820 June 17,17:49:32,P,23S,107E
11609,2820 December 10,23:05:01,P,22N,25E
11610,2821 June 7,01:37:38,T+,23S,11W
11611,2821 November 30,12:51:18,T-,22N,177E
11612,2822 May 27,03:00:29,P,22S,32W
11613,2822 November 20,04:52:39,P,20N,64W
11614,2823 April 16,14:27:27,N,9S,157E
11615,2823 May 16,04:14:42,N,20S,51W
11616,2823 October 11,06:05:12,N,6N,81W
11617,2823 November 9,18:28:33,N,18N,91E
11618,2824 April 5,01:07:10,P,6S,3W
11619,2824 September 29,10:00:55,P,2N,139W
11620,2825 March 25,16:34:39,T-,2S,126E
11621,2825 September 18,10:09:06,T+,1S,140W
11622,2826 March 15,08:18:11,P,1N,110W
11623,2826 September 7,13:57:35,P,5S,163E
11624,2827 February 3,04:12:29,N,18N,46W
11625,2827 March 4,19:41:32,N,5N,80E
11626,2827 July 29,17:23:45,P,19S,115E
11627,2827 August 28,01:05:38,Nb,8S,3W
11628,2828 January 23,04:52:44,P,20N,57W
11629,2828 July 18,10:35:28,T,21S,143W
11630,2829 January 11,04:27:25,T+,22N,52W
11631,2829 July 8,02:03:07,P,22S,16W
11632,2829 December 31,09:58:30,P,22N,136W
11633,2830 May 28,21:58:39,N,23S,43E
11634,2830 June 27,11:33:31,N,22S,159W
11635,2830 November 21,12:13:59,N,21N,174W
11636,2830 December 20,22:26:34,N,22N,36E
11637,2831 May 17,22:27:44,P,20S,36E
11638,2831 November 11,04:07:08,P,18N,53W
11639,2832 May 6,00:53:25,T-,17S,0W
11640,2832 October 30,16:19:38,T-,14N,125E
11641,2833 April 25,10:13:57,P,13S,140W
11642,2833 October 19,21:34:09,P,10N,46E
11643,2834 March 16,16:06:06,N,0N,134E
11644,2834 April 15,01:12:29,N,8S,4W
11645,2834 September 9,06:01:06,N,4S,77W
11646,2834 October 8,21:43:36,N,5N,45E
11647,2835 March 6,06:59:29,P,5N,89W
11648,2835 August 29,11:49:21,P,9S,163W
11649,2836 February 23,16:24:26,T+,10N,131E
11650,2836 August 18,00:46:58,T-,13S,3E
11651,2837 February 11,18:28:15,P,14N,100E
11652,2837 August 7,17:40:59,P,17S,110E
11653,2838 January 1,23:56:51,N,21N,15E
11654,2838 January 31,17:37:23,N,19N,113E
11655,2838 June 29,01:01:07,P,22S,0W
11656,2838 December 22,07:37:16,P,23N,101W
11657,2839 June 18,08:27:21,T+,23S,112W
11658,2839 December 11,21:30:26,T-,23N,49E
11659,2840 June 6,09:42:03,P,23S,132W
11660,2840 November 30,13:24:44,P,22N,169E
11661,2841 April 26,22:02:28,N,13S,43E
11662,2841 May 26,11:15:35,N,22S,156W
11663,2841 October 21,13:40:22,N,10N,165E
11664,2841 November 20,02:38:13,N,21N,30W
11665,2842 April 16,09:12:05,P,10S,124W
11666,2842 October 10,17:06:32,P,6N,114E
11667,2843 April 6,00:55:44,T-,6S,0E
11668,2843 September 29,17:07:01,T+,3N,115E
11669,2844 March 25,16:41:29,P,3S,124E
11670,2844 September 17,21:10:30,P,1S,55E
11671,2845 February 13,12:25:13,N,14N,169W
11672,2845 March 15,03:52:11,N,1N,43W
11673,2845 August 9,00:51:23,N,17S,3E
11674,2845 September 7,08:36:34,N,4S,116W
11675,2846 February 2,12:54:05,P,17N,176W
11676,2846 July 29,18:03:14,T,19S,105E
11677,2847 January 22,12:39:37,T+,20N,174W
11678,2847 July 19,09:16:19,T,20S,123W
11679,2848 January 11,18:31:29,P,21N,97E
11680,2848 July 7,18:21:12,N,21S,100E
11681,2848 December 1,20:49:50,N,23N,59E
11682,2848 December 31,07:13:15,N,22N,94W
11683,2849 May 28,05:14:53,P,22S,65W
11684,2849 November 21,12:30:21,P,21N,177W
11685,2850 May 17,08:08:10,T-,20S,109W
11686,2850 November 11,00:15:59,T-,17N,6E
11687,2851 May 6,18:01:05,P,16S,103E
11688,2851 October 31,04:58:44,P,13N,65W
11689,2852 March 27,00:35:12,N,4S,6E
11690,2852 April 25,09:20:36,N,12S,126W
11691,2852 September 19,12:56:17,N,0N,178E
11692,2852 October 19,04:52:51,N,9N,63W
11693,2853 March 16,15:24:48,P,1N,145E
11694,2853 September 8,19:05:00,P,4S,87E
11695,2854 March 6,00:33:07,T+,6N,8E
11696,2854 August 29,08:19:05,T-,9S,110W
11697,2855 February 23,02:24:08,P,11N,19W
11698,2855 August 19,01:14:47,P,13S,3W
11699,2856 January 13,08:12:54,N,20N,107W
11700,2856 February 12,01:40:49,N,15N,8W
11701,2856 July 9,08:09:01,P,21S,106W
11702,2857 January 1,16:14:14,P,22N,131E
11703,2857 June 28,15:09:08,T+,23S,148E
11704,2857 December 22,06:16:07,T-,23N,81W
11705,2858 June 17,16:16:02,P,24S,131E
11706,2858 December 11,22:03:11,P,24N,41E
11707,2859 May 8,05:30:26,N,16S,68W
11708,2859 June 6,18:11:15,N,24S,101E
11709,2859 November 1,21:23:01,N,13N,50E
11710,2859 December 1,10:54:30,N,23N,153W
11711,2860 April 26,17:11:09,P,13S,116E
11712,2860 October 21,00:18:17,P,10N,6E
11713,2861 April 16,09:11:05,T-,10S,123W
11714,2861 October 10,00:12:28,T-,7N,8E
11715,2862 April 6,00:56:58,P,7S,0E
11716,2862 September 29,04:32:10,P,3N,56W
11717,2863 February 24,20:33:14,N,10N,70E
11718,2863 March 26,11:55:16,N,4S,164W
11719,2863 August 20,08:23:18,N,13S,110W
11720,2863 September 18,16:14:38,N,0S,129E
11721,2864 February 13,20:52:07,P,14N,65E
11722,2864 August 9,01:33:03,T,16S,7W
11723,2865 February 1,20:51:00,T+,17N,65E
11724,2865 July 29,16:27:39,T,18S,130E
11725,2866 January 22,03:06:00,P,19N,30W
11726,2866 July 19,01:05:56,N,20S,0W
11727,2866 December 13,05:31:19,N,24N,70W
11728,2867 January 11,16:01:40,N,20N,135E
11729,2867 June 8,11:56:08,P,24S,164W
11730,2867 December 2,21:00:11,P,23N,57E
11731,2868 May 27,15:16:52,T-,22S,145E
11732,2868 November 21,08:18:53,T+,20N,114W
11733,2869 May 17,01:41:13,P,19S,11W
11734,2869 November 10,12:31:37,P,17N,177W
11735,2870 April 7,08:55:29,N,8S,119W
11736,2870 May 6,17:19:39,N,16S,114E
11737,2870 September 30,20:00:43,N,5N,72E
11738,2870 October 30,12:12:36,N,13N,172W
11739,2871 March 27,23:42:41,P,4S,20E
11740,2871 September 20,02:28:09,P,0S,24W
11741,2872 March 16,08:35:55,T+,1N,112W
11742,2872 September 8,15:55:59,T-,5S,135E
11743,2873 March 5,10:15:36,P,6N,136W
11744,2873 August 29,08:50:19,P,10S,117W
11745,2874 January 23,16:32:19,N,18N,129E
11746,2874 February 22,09:42:48,N,11N,128W
11747,2874 July 20,15:14:11,N,19S,148E
11748,2875 January 13,00:53:41,P,21N,3E
11749,2875 July 9,21:48:44,T,22S,49E
11750,2876 January 2,15:04:42,T-,23N,149E
11751,2876 June 27,22:47:35,P,24S,34E
11752,2876 December 22,06:45:05,P,24N,87W
11753,2877 May 18,12:53:08,Ne,18S,179W
11754,2877 June 17,01:03:49,N,24S,1W
11755,2877 November 12,05:12:17,N,17N,67W
11756,2877 December 11,19:15:31,N,24N,84E
11757,2878 May 8,01:02:06,P,17S,1W
11758,2878 November 1,07:39:31,P,14N,104W
11759,2879 April 27,17:18:01,T+,14S,115E
11760,2879 October 21,07:27:46,T-,11N,101W
11761,2880 April 16,09:03:38,P,11S,121W
11762,2880 October 9,12:03:07,P,7N,169W
11763,2881 March 7,04:34:07,N,6N,51W
11764,2881 April 5,19:48:04,N,8S,78E
11765,2881 August 30,15:58:08,N,9S,136E
11766,2881 September 28,23:59:38,N,4N,12E
11767,2882 February 24,04:46:33,P,10N,53W
11768,2882 August 20,09:04:14,P,12S,120W
11769,2883 February 13,05:01:07,T+,13N,57W
11770,2883 August 9,23:39:02,T+,15S,22E
11771,2884 February 2,11:41:45,P,16N,158W
11772,2884 July 29,07:47:55,N,17S,100W
11773,2884 December 23,14:17:44,N,25N,160E
11774,2885 January 22,00:52:23,N,18N,4E
11775,2885 June 18,18:33:10,Nx,24S,98E
11776,2885 December 13,05:35:06,P,24N,70W
11777,2886 June 7,22:21:31,T-,23S,40E
11778,2886 December 2,16:27:49,T+,22N,125E
11779,2887 May 28,09:17:42,P,21S,125W
11780,2887 November 21,20:10:22,P,19N,69E
11781,2888 April 17,17:09:16,N,12S,117E
11782,2888 May 17,01:13:49,N,18S,4W
11783,2888 October 11,03:14:10,N,9N,37W
11784,2888 November 9,19:40:54,N,16N,76E
11785,2889 April 7,07:51:21,P,8S,102W
11786,2889 September 30,09:59:39,P,4N,137W
11787,2890 March 27,16:28:28,T+,3S,129E
11788,2890 September 19,23:40:17,T-,1S,19E
11789,2891 March 16,17:57:55,P,2N,108E
11790,2891 September 9,16:31:35,P,5S,127E
11791,2892 February 4,00:50:55,N,15N,5E
11792,2892 March 4,17:39:19,N,7N,113E
11793,2892 July 30,22:16:27,N,17S,43E
11794,2892 August 29,07:53:48,N,10S,102W
11795,2893 January 23,09:34:59,P,18N,126W
11796,2893 July 20,04:23:43,T,20S,49W
11797,2894 January 12,23:56:21,T-,21N,18E
11798,2894 July 9,05:14:55,T,22S,62W
11799,2895 January 2,15:31:21,P,23N,143E
11800,2895 June 28,07:53:55,N,24S,102W
11801,2895 November 23,13:07:29,N,19N,175E
11802,2895 December 23,03:40:24,N,25N,41W
11803,2896 May 18,08:48:25,P,19S,117W
11804,2896 November 11,15:07:55,P,17N,145E
11805,2897 May 8,01:17:49,T+,17S,5W
11806,2897 October 31,14:52:00,T-,14N,148E
11807,2898 April 27,17:02:17,P,15S,119E
11808,2898 October 20,19:43:17,P,11N,75E
11809,2899 March 18,12:27:24,N,2N,169W
11810,2899 April 17,03:32:15,N,12S,38W
11811,2899 September 10,23:39:29,N,5S,21E
11812,2899 October 10,07:53:10,N,8N,107W
11813,2900 March 7,12:35:27,P,6N,171W
11814,2900 August 31,16:38:06,P,9S,127E
11815,2901 February 24,13:07:56,T+,9N,179W
11816,2901 August 21,06:51:31,T+,12S,86W
11817,2902 February 13,20:14:30,P,13N,75E
11818,2902 August 10,14:30:31,P,14S,159E
11819,2903 January 4,23:07:17,N,24N,30E
11820,2903 February 3,09:41:43,N,15N,127W
11821,2903 July 1,01:07:21,N,24S,0E
11822,2903 December 25,14:13:38,P,24N,162E
11823,2904 June 19,05:22:46,T,24S,64W
11824,2904 December 14,00:42:23,T+,23N,3E
11825,2905 June 8,16:47:10,T,22S,124E
11826,2905 December 3,03:57:28,P,21N,47W
11827,2906 April 30,01:14:13,N,16S,4W
11828,2906 May 29,09:00:23,N,20S,120W
11829,2906 November 22,03:18:35,N,19N,38W
11830,2907 April 19,15:51:24,P,12S,137E
11831,2907 October 12,17:40:09,P,8N,107E
11832,2908 April 8,00:13:40,T+,7S,13E
11833,2908 October 1,07:29:50,T+,3N,99W
11834,2909 March 28,01:34:29,P,2S,7W
11835,2909 September 21,00:16:53,P,1S,10E
11836,2910 February 15,09:08:12,N,11N,119W
11837,2910 March 17,01:30:26,N,3N,5W
11838,2910 August 12,05:19:18,N,14S,63W
11839,2910 September 10,15:19:19,N,6S,146E
11840,2911 February 4,18:15:58,P,15N,105E
11841,2911 August 1,10:59:11,P,17S,147W
11842,2912 January 25,08:47:30,T-,19N,114W
11843,2912 July 20,11:43:06,T,21S,158W
11844,2913 January 14,00:18:24,P,22N,13E
11845,2913 July 9,14:42:35,N,23S,157E
11846,2913 December 4,21:09:04,N,21N,56E
11847,2914 January 3,12:08:10,N,24N,166W
11848,2914 May 30,16:28:18,P,21S,129E
11849,2914 November 23,22:44:30,P,20N,31E
11850,2915 May 20,09:10:06,T+,20S,122W
11851,2915 November 12,22:26:46,T-,18N,35E
11852,2916 May 9,00:51:40,P,18S,2E
11853,2916 November 1,03:32:55,P,15N,42W
11854,2917 March 29,20:11:52,N,2S,75E
11855,2917 April 28,11:05:50,N,15S,152W
11856,2917 September 22,07:26:14,N,1S,97W
11857,2917 October 21,15:55:02,N,12N,133E
11858,2918 March 18,20:16:49,P,1N,74E
11859,2918 September 12,00:16:22,P,5S,12E
11860,2919 March 7,21:11:15,T+,5N,61E
11861,2919 September 1,14:05:41,T+,8S,165E
11862,2920 February 25,04:45:31,P,9N,53W
11863,2920 August 20,21:13:30,P,11S,58E
11864,2921 January 15,07:59:27,N,22N,102W
11865,2921 February 13,18:30:10,N,12N,101E
11866,2921 July 11,07:38:47,N,23S,96W
11867,2922 January 4,22:55:38,P,23N,33E
11868,2922 June 30,12:22:26,T,23S,168W
11869,2922 December 25,08:59:41,T+,23N,119W
11870,2923 June 20,00:15:08,T,23S,13E
11871,2923 December 14,11:49:27,P,22N,163W
11872,2924 May 10,09:12:12,N,19S,123W
11873,2924 June 8,16:42:16,N,22S,126E
11874,2924 December 2,11:03:33,N,21N,153W
11875,2925 April 29,23:42:01,P,15S,20E
11876,2925 October 23,01:29:54,P,12N,10W
11877,2926 April 19,07:46:46,T-,11S,101W
11878,2926 October 12,15:28:29,T+,8N,141E
11879,2927 April 8,09:00:57,P,7S,118W
11880,2927 October 2,08:08:17,P,3N,108W
11881,2928 February 26,17:21:42,N,7N,118E
11882,2928 March 27,09:14:32,N,2S,121W
11883,2928 August 22,12:22:23,N,10S,169W
11884,2928 September 20,22:48:32,N,2S,33E
11885,2929 February 15,02:55:11,P,12N,25W
11886,2929 August 11,17:32:45,P,14S,115E
11887,2930 February 4,17:39:03,T-,16N,115E
11888,2930 July 31,18:10:59,T-,18S,106E
11889,2931 January 25,09:05:59,P,20N,118W
11890,2931 July 20,21:32:13,P,21S,56E
11891,2931 December 16,05:16:05,N,22N,64W
11892,2932 January 14,20:38:00,N,23N,69E
11893,2932 June 10,00:03:59,P,22S,16E
11894,2932 December 4,06:27:49,P,21N,83W
11895,2933 May 30,16:56:40,T+,22S,122E
11896,2933 November 23,06:10:08,T-,20N,80W
11897,2934 May 20,08:33:11,P,21S,113W
11898,2934 November 12,11:32:00,P,18N,161W
11899,2935 April 10,03:47:50,N,7S,40W
11900,2935 May 9,18:31:22,N,19S,97E
11901,2935 October 3,15:19:37,N,3N,145E
11902,2935 November 2,00:04:20,N,16N,11E
11903,2936 March 29,03:51:11,P,3S,40W
11904,2936 September 22,07:59:30,P,1S,105W
11905,2937 March 18,05:07:34,T+,1N,59W
11906,2937 September 11,21:23:18,T+,4S,55E
11907,2938 March 7,13:11:04,P,5N,179W
11908,2938 September 1,04:00:13,P,7S,43W
11909,2939 January 26,16:50:38,N,20N,127E
11910,2939 February 25,03:13:32,N,8N,30W
11911,2939 July 22,14:10:52,N,21S,166E
11912,2940 January 16,07:38:56,P,22N,96W
11913,2940 July 10,19:20:01,T,22S,89E
11914,2941 January 4,17:20:48,T+,23N,117E
11915,2941 June 30,07:38:52,T,23S,97W
11916,2941 December 24,19:47:18,P,23N,79E
11917,2942 May 21,17:01:36,N,22S,121E
11918,2942 June 20,00:18:29,N,22S,13E
11919,2942 December 13,18:56:57,N,22N,91E
11920,2943 May 11,07:24:37,P,19S,95W
11921,2943 November 3,09:27:52,P,16N,130W
11922,2944 April 29,15:12:15,T-,15S,148E
11923,2944 October 22,23:33:47,T+,12N,19E
11924,2945 April 18,16:19:09,P,11S,132E
11925,2945 October 12,16:05:42,P,7N,132E
11926,2946 March 9,01:31:32,N,3N,4W
11927,2946 April 7,16:52:13,N,6S,125E
11928,2946 September 2,19:28:48,N,6S,84E
11929,2946 October 2,06:23:37,N,2N,81W
11930,2947 February 26,11:30:31,P,8N,153W
11931,2947 August 23,00:10:11,P,11S,15E
11932,2948 February 16,02:27:42,T-,12N,17W
11933,2948 August 11,00:41:12,T-,15S,8E
11934,2949 February 4,17:51:55,P,17N,112E
11935,2949 July 31,04:23:42,P,19S,47W
11936,2949 December 26,13:26:38,N,22N,175E
11937,2950 January 25,05:06:25,N,20N,57W
11938,2950 June 21,07:35:21,P,22S,96W
11939,2950 December 15,14:18:10,P,22N,161E
11940,2951 June 11,00:37:15,T+,23S,8E
11941,2951 December 4,14:01:47,T-,22N,164E
11942,2952 May 30,16:06:21,P,22S,135E
11943,2952 November 22,19:40:25,P,21N,78E
11944,2953 April 20,11:12:26,N,10S,151W
11945,2953 May 20,01:45:10,N,21S,10W
11946,2953 October 13,23:20:11,N,7N,24E
11947,2953 November 12,08:22:40,N,19N,113W
11948,2954 April 9,11:16:53,P,7S,151W
11949,2954 October 3,15:48:15,P,4N,138E
11950,2955 March 29,12:58:25,T+,3S,176W
11951,2955 September 23,04:45:05,T-,0N,56W
11952,2956 March 17,21:33:02,P,0N,55E
11953,2956 September 11,10:48:39,P,3S,146W
11954,2957 February 6,01:42:04,N,17N,5W
11955,2957 March 7,11:54:01,N,4N,160W
11956,2957 August 1,20:43:50,N,19S,69E
11957,2957 August 31,11:32:50,N,7S,156W
11958,2958 January 26,16:21:51,P,19N,135E
11959,2958 July 22,02:19:20,P,20S,15W
11960,2959 January 16,01:42:19,T+,21N,7W
11961,2959 July 11,15:02:55,T+,22S,153E
11962,2960 January 5,03:46:50,P,22N,39W
11963,2960 June 1,00:45:28,Ne,24S,6E
11964,2960 June 30,07:52:16,P,22S,100W
11965,2960 December 24,02:55:37,N,22N,27W
11966,2961 May 21,14:56:55,P,21S,152E
11967,2961 November 13,17:35:24,P,19N,109E
11968,2962 May 10,22:26:26,T-,18S,40E
11969,2962 November 3,07:47:44,T+,15N,104W
11970,2963 April 29,23:27:36,P,14S,25E
11971,2963 October 24,00:10:50,P,11N,11E
11972,2964 March 19,09:35:34,N,1S,125W
11973,2964 April 18,00:21:54,N,10S,12E
11974,2964 September 13,02:37:10,N,2S,23W
11975,2964 October 12,14:03:43,N,7N,163E
11976,2965 March 8,20:02:09,P,4N,79E
11977,2965 September 2,06:49:42,P,7S,85W
11978,2966 February 26,11:12:54,T-,9N,148W
11979,2966 August 22,07:15:12,T-,11S,90W
11980,2967 February 16,02:35:56,P,13N,18W
11981,2967 August 11,11:18:05,P,16S,150W
11982,2968 January 6,21:40:03,N,21N,53E
11983,2968 February 5,13:34:06,N,17N,177E
11984,2968 July 1,15:04:44,N,22S,153E
11985,2968 July 30,22:36:40,Nb,19S,41E
11986,2968 December 25,22:13:36,P,22N,44E
11987,2969 June 21,08:12:26,T,23S,105W
11988,2969 December 14,22:00:51,T-,23N,46E
11989,2970 June 10,23:33:32,T,23S,24E
11990,2970 December 4,03:55:41,P,23N,44W
11991,2971 May 31,08:52:28,N,23S,116W
11992,2971 October 25,07:28:21,N,11N,98W
11993,2971 November 23,16:48:05,N,21N,122E
11994,2972 April 19,18:34:31,P,11S,99E
11995,2972 October 13,23:42:46,P,8N,19E
11996,2973 April 8,20:41:47,T+,8S,68E
11997,2973 October 3,12:12:54,T-,4N,168W
11998,2974 March 29,05:46:43,P,4S,68W
11999,2974 September 22,17:44:13,P,1N,110E
12000,2975 February 17,10:30:03,N,13N,136W
12001,2975 March 18,20:27:49,N,0S,72E
12002,2975 August 13,03:19:41,N,16S,30W
12003,2975 September 11,18:13:12,N,3S,103E
12004,2976 February 7,01:03:02,P,16N,5E
12005,2976 August 1,09:19:40,P,18S,120W
12006,2977 January 26,10:04:13,T+,19N,131W
12007,2977 July 21,22:24:47,T+,20S,44E
12008,2978 January 15,11:50:00,P,20N,158W
12009,2978 July 11,15:23:03,P,21S,149E
12010,2979 January 4,10:59:07,N,21N,147W
12011,2979 June 1,22:22:35,P,23S,42E
12012,2979 November 25,01:51:15,P,21N,14W
12013,2980 May 21,05:32:38,T-,21S,66W
12014,2980 November 13,16:08:41,T+,18N,132E
12015,2981 May 10,06:28:37,P,17S,80W
12016,2981 November 3,08:22:42,P,15N,112W
12017,2982 March 30,17:33:19,Ne,5S,115E
12018,2982 April 29,07:44:37,N,13S,98W
12019,2982 September 24,09:51:36,N,2N,132W
12020,2982 October 23,21:51:18,N,11N,46E
12021,2983 March 20,04:28:31,P,1S,48W
12022,2983 September 13,13:34:03,P,3S,173E
12023,2984 March 8,19:52:55,T-,4N,82E
12024,2984 September 1,13:54:23,T+,8S,170E
12025,2985 February 26,11:14:26,P,9N,148W
12026,2985 August 21,18:16:56,P,12S,105E
12027,2986 February 15,21:57:16,N,14N,52E
12028,2986 July 12,22:32:25,N,20S,42E
12029,2986 August 11,05:58:03,N,16S,69W
12030,2987 January 6,06:11:45,P,22N,74W
12031,2987 July 2,15:44:11,T,22S,144E
12032,2987 December 26,06:06:34,T-,23N,74W
12033,2988 June 21,06:52:51,T,24S,84W
12034,2988 December 14,12:19:11,T,24N,168W
12035,2989 June 10,15:50:11,N,24S,141E
12036,2989 November 4,15:44:27,N,14N,138E
12037,2989 December 4,01:21:19,N,23N,5W
12038,2990 May 1,01:43:20,P,14S,8W
12039,2990 October 25,07:44:40,P,11N,102W
12040,2991 April 20,04:19:45,T+,11S,47W
12041,2991 October 14,19:45:08,T-,8N,78E
12042,2992 April 8,13:56:10,P,8S,169E
12043,2992 October 3,00:44:12,P,5N,4E
12044,2993 February 27,19:14:41,N,9N,93E
12045,2993 March 29,04:55:44,N,5S,55W
12046,2993 August 23,09:59:37,N,12S,130W
12047,2993 September 22,01:00:19,N,1N,1E
12048,2994 February 17,09:41:01,P,13N,124W
12049,2994 August 12,16:24:46,P,15S,134E
12050,2995 February 6,18:22:27,T+,16N,106E
12051,2995 August 2,05:50:01,T+,17S,67W
12052,2996 January 26,19:52:23,P,18N,83E
12053,2996 July 21,22:52:28,P,19S,37E
12054,2997 January 14,19:05:35,N,20N,93E
12055,2997 June 12,05:40:06,P,24S,66W
12056,2997 December 5,10:15:08,P,23N,138W
12057,2998 June 1,12:29:09,T-,22S,169W
12058,2998 November 25,00:38:12,T+,21N,5E
12059,2999 May 21,13:21:13,P,20S,178E
12060,2999 November 14,16:41:25,T,18N,124E
12061,3000 May 10,15:00:16,N,17S,153E
12062,3000 October 5,17:10:38,Ne,6N,118E
12063,3000 November 4,05:45:18,N,14N,72W
